,name,latitude,longitude,count
0,Aghem,6.666666667,10.0,9
1,Aikaná,-12.66666667,-60.66666667,4
2,Aizi,5.25,-4.5,2
3,Akan,6.5,-1.25,8
4,Alawa,-15.16666667,134.25,5
5,Albanian,41.0,20.0,12
6,Aleut (Eastern),54.75,-164.0,1
7,Alladian,5.166666667,-4.333333333,4
8,Amo,10.33333333,8.666666667000001,6
9,Amuesha,-10.5,-75.41666667,6
10,Amuzgo,16.83333333,-98.0,3
11,Araona,-12.33333333,-67.75,7
12,Atayal,24.5,121.33333329999999,6
13,Azerbaijani,40.5,48.5,7
14,Bambara,12.5,-7.5,11
15,Basque,43.0,-3.0,13
16,Bawm,22.5,92.25,12
17,Beja,18.0,36.0,10
18,Berta,10.33333333,34.66666667,9
19,Birom,9.666666667000001,8.833333332999999,11
20,Bobo Madaré (Northern),12.41666667,-4.333333333,5
21,Brahui,28.5,67.0,7
22,Brao,14.16666667,107.5,9
23,Breton,48.0,-3.0,12
24,Bru (Western),16.75,104.75,2
25,Bulgarian,42.5,25.0,10
26,Bété,6.25,-6.25,3
27,Caddo,33.33333333,-93.5,3
28,Cahuilla,33.5,-116.25,8
29,Camsá,1.166666667,-77.0,5
30,Cantonese,23.0,113.0,10
31,Catalan,41.75,2.0,10
32,Cayapa,0.666666667,-79.0,7
33,Cham (Western),12.0,105.5,7
34,Chamorro,13.45,144.75,14
35,Chin (Tiddim),23.33333333,93.66666667,7
36,Chinantec (Lealao),17.33333333,-95.91666667,14
37,Chuvash,55.5,47.5,6
38,CiLuba,-6.0,22.0,4
39,Cocopa,32.33333333,-115.0,4
40,Dagbani,9.583333332999999,-0.5,10
41,Dagur,48.0,124.0,8
42,Daju (Dar Fur),12.25,25.25,3
43,Dan,7.5,-8.0,6
44,Dangaléat (Western),12.16666667,18.33333333,4
45,Diegueño (Mesa Grande),32.66666667,-116.16666670000001,3
46,Dinka,8.5,28.0,10
47,Diola-Fogny,13.0,-16.25,8
48,Diyari,-28.0,139.0,10
49,Dizi,6.166666667,36.5,5
50,Djapu,-12.66666667,136.0,9
51,Dong (Southern),27.0,109.0,9
52,Doyayo,8.666666667000001,13.08333333,10
53,Ejagham,5.416666667,8.666666667000001,4
54,English,52.0,0.0,14
55,Fijian,-17.83333333,178.0,19
56,French,48.0,2.0,15
57,Fulniô,-8.0,-37.5,6
58,Garrwa,-17.08333333,137.16666669999998,11
59,German,52.0,10.0,14
60,Gooniyandi,-18.33333333,126.33333329999999,12
61,Great Andamanese,12.0,92.66666667,6
62,Grebo,5.0,-8.0,14
63,Greek (Modern),39.0,22.0,19
64,Greenlandic (West),64.0,-51.0,12
65,Gwari,9.5,7.0,9
66,Hamer,5.0,36.5,5
67,Hopi,36.0,-110.0,5
68,Huastec,22.08333333,-99.33333333,12
69,Huave (San Mateo del Mar),16.21666667,-95.0,12
70,Iban,2.0,112.0,9
71,Ignaciano,-15.16666667,-65.41666667,6
72,Ijo (Kolokuma),4.916666667,5.666666667,8
73,Indonesian,0.0,106.0,17
74,Ingessana,11.5,34.0,9
75,Iranxe,-13.0,-58.0,7
76,Itonama,-12.83333333,-64.33333333,6
77,Ivatan,20.5,122.0,3
78,Javanese,-7.0,111.0,2
79,Jebero,-5.416666667,-76.5,6
80,Jingpho,25.41666667,97.0,8
81,K'ekchí,16.0,-89.83333333,3
82,Kadugli,11.0,29.66666667,8
83,Kalkatungu,-21.0,139.5,8
84,Kanakuru,10.0,12.0,10
85,Kanuri,12.0,13.0,16
86,Kawaiisu,36.0,-117.5,7
87,Kayah Li (Eastern),19.0,97.5,10
88,Kefa,7.25,36.25,4
89,Kera,9.833333332999999,15.08333333,12
90,Khalkha,47.0,105.0,12
91,Khasi,25.5,92.0,16
92,Khmer,12.5,105.0,13
93,Khmu',21.0,102.0,12
94,Kilivila,-8.5,151.08333330000002,17
95,Kiowa,37.0,-99.0,15
96,Kirghiz,42.0,75.0,5
97,Kobon,-5.166666667,144.33333330000002,12
98,Komo,8.75,33.75,10
99,Konkani,15.25,74.0,3
100,Korean,37.5,128.0,16
101,Kota,11.5,77.16666667,2
102,Koya,17.5,81.33333333,5
103,Kpan,7.583333333,10.16666667,2
104,Kpelle,7.0,-10.0,8
105,Krongo,10.5,30.0,12
106,Kullo,6.75,37.08333333,4
107,Kunama,14.5,37.0,11
108,Kurukh,22.83333333,85.5,3
109,Kwoma,-4.166666667,142.75,6
110,Lakhota,43.83333333,-101.83333329999999,13
111,Lelemi,7.333333333,0.5,7
112,Lua,9.75,17.75,4
113,Luiseño,33.33333333,-117.16666670000001,9
114,Lü,22.0,100.66666670000001,3
115,Maasai,-3.0,36.0,10
116,Maba,13.75,20.83333333,8
117,Mambila,6.75,11.5,8
118,Mandarin,34.0,110.0,14
119,Mangghuer,36.0,102.0,7
120,Mapudungun,-38.0,-72.0,15
121,Mari (Meadow),57.0,48.0,6
122,Maricopa,33.16666667,-113.16666670000001,11
123,Martuthunira,-20.83333333,116.5,15
124,Mazatec (Chiquihuitlán),17.75,-96.91666667,7
125,Mba,1.0,25.0,7
126,Mbabaram,-17.16666667,145.0,5
127,Meithei,24.75,94.0,14
128,Min (Southern),25.0,118.0,5
129,Moghol,35.0,62.0,3
130,Moro,11.0,30.16666667,9
131,Muinane,-1.0,-72.5,5
132,Mumuye,9.0,11.66666667,12
133,Murle,6.5,33.5,14
134,Murrinh-Patha,-14.66666667,129.6666667,6
135,Nambikuára (Southern),-14.0,-59.5,5
136,Nara (in Ethiopia),15.08333333,37.58333333,9
137,Neo-Aramaic (Persian Azerbaijan),38.0,47.0,1
138,Newari (Kathmandu),27.66666667,85.5,4
139,Nganasan,71.0,93.0,5
140,Nivacle,-23.5,-60.5,3
141,Nkore-Kiga,-0.916666667,29.83333333,12
142,Noni,6.416666667,10.58333333,7
143,Norwegian,61.0,8.0,9
144,Nung (in Vietnam),21.91666667,106.41666670000001,11
145,Nunggubuyu,-13.75,135.66666669999998,10
146,O'odham,32.0,-112.0,10
147,Ogbia,4.666666667,6.25,3
148,Ormuri,32.5,69.75,2
149,Otomí (Mezquital),20.16666667,-99.16666667,14
150,Pacoh,16.41666667,107.08333329999999,3
151,Paiwan,22.5,120.83333329999999,14
152,Paumarí,-6.0,-64.0,12
153,Persian,32.0,54.0,13
154,Phlong,15.0,99.0,4
155,Qawasqar,-49.0,-75.0,6
156,Romanian,46.0,25.0,13
157,Romansch (Scharans),46.75,9.5,2
158,Rukai (Tanan),22.83333333,120.83333329999999,8
159,Sa'ban,3.666666667,115.66666670000001,2
160,Selknam,-53.0,-70.0,7
161,Senadi,9.5,-6.25,3
162,Shan,22.0,98.0,7
163,Sinhala,7.0,80.5,5
164,Sirionó,-15.58333333,-64.0,6
165,Somali,3.0,45.0,7
166,Spanish,40.0,-4.0,19
167,Supyire,11.5,-5.583333333,14
168,Sáliba (in Colombia),6.0,-70.0,4
169,Tama,14.5,22.0,6
170,Tamang (Eastern),27.5,85.66666667,7
171,Tampulma,10.41666667,-0.583333333,2
172,Teke (Southern),-2.333333333,14.5,3
173,Thai,16.0,101.0,18
174,Tiwi,-11.5,131.0,12
175,Tlapanec,17.08333333,-99.0,7
176,Tol,14.66666667,-87.0,9
177,Trumai,-11.91666667,-53.58333333,13
178,Tuareg (Ahaggar),23.0,6.0,2
179,Tukang Besi,-5.5,123.5,13
180,Tulu,12.75,75.33333333,5
181,Turkish,39.0,35.0,14
182,Tuvan,52.0,95.0,6
183,Tzeltal (Aguacatenango),16.41666667,-92.5,2
184,UMbundu,-12.5,15.0,3
185,Una,-4.666666667,140.0,10
186,Uzbek (Northern),40.66666667,66.5,3
187,Vietnamese,10.5,106.5,17
188,Wichita,33.33333333,-97.33333333,15
189,Wichí,-22.5,-62.58333333,16
190,Wiyot,40.83333333,-124.16666670000001,11
191,Wu,31.66666667,119.91666670000001,3
192,Yakut,62.0,130.0,6
193,Yana,40.5,-122.0,3
194,Yapese,9.583333332999999,138.16666669999998,12
195,Yay,22.41666667,104.75,8
196,Yucatec,20.0,-89.0,4
197,Yukaghir (Kolyma),65.75,150.83333330000002,12
198,Yukaghir (Tundra),69.0,155.0,4
199,Zande,4.0,26.0,7
200,Zuni,35.08333333,-108.83333329999999,13
201,Abipón,-29.0,-61.0,8
202,Achumawi,41.5,-121.0,8
203,Amahuaca,-10.5,-72.5,5
204,Amele,-5.25,145.58333330000002,14
205,Apurinã,-9.0,-67.0,13
206,Awa Pit,1.5,-78.25,12
207,Awngi,10.83333333,36.66666667,2
208,Bagirmi,11.66666667,16.0,15
209,Bajau (Sama),-4.333333333,123.0,8
210,Bandjalang (Yugumbir),-27.91666667,153.0,3
211,Bardi,-16.58333333,122.91666670000001,2
212,Bashkir,53.0,58.0,4
213,Batak (Toba),2.5,99.0,7
214,Beembe,-3.916666667,14.08333333,3
215,Bengali,24.0,90.0,3
216,Bisa,11.5,-0.5,3
217,Bribri,9.416666667000001,-83.0,8
218,Burarra,-12.25,134.58333330000002,3
219,Burmese,21.0,96.0,8
220,Chatino (Sierra Occidental),16.25,-97.33333333,8
221,Chinantec (Quiotepec),17.58333333,-96.66666667,7
222,Drehu,-21.0,167.25,14
223,Dyirbal,-17.83333333,145.58333330000002,10
224,Even,68.0,130.0,4
225,Evenki,56.0,125.0,12
226,Ewe,6.333333333,0.41666666700000005,15
227,Ewondo,4.0,12.0,8
228,Gadsup,-6.25,146.0,5
229,Garo,25.66666667,90.5,11
230,Gbeya Bossangoa,6.666666667,17.5,11
231,Gelao,22.91666667,105.5,6
232,Goajiro,12.0,-72.0,9
233,Guahibo,5.0,-69.0,5
234,Guambiano,2.5,-76.66666667,5
235,Guaraní,-26.0,-56.0,15
236,Gã,5.666666667,-0.166666667,7
237,Hakka,25.0,116.0,6
238,Hebrew (Modern Ashkenazic),31.75,35.16666667,1
239,Hixkaryana,-1.0,-59.0,11
240,Hungarian,47.0,20.0,18
241,Hunzib,42.16666667,46.25,10
242,Iaai,-20.41666667,166.58333330000002,10
243,Igbo,6.0,7.333333333,12
244,Ik,3.75,34.16666667,9
245,Isoko,5.5,6.25,3
246,Japanese,37.0,140.0,15
247,Jeh,15.16666667,107.83333329999999,3
248,Jivaro,-2.5,-78.0,5
249,Kala Lagaw Ya,-10.11666667,142.1166667,3
250,Karen (Sgaw),18.0,97.0,8
251,Karok,41.66666667,-123.0,11
252,Kashmiri,34.0,76.0,8
253,Kewa,-6.5,143.83333330000002,10
254,Khanty,65.0,65.0,7
255,Kohumono,6.0,8.116666667,2
256,Komi-Zyrian,65.0,55.0,8
257,Koryak,61.0,167.0,3
258,Kotoko,11.33333333,15.33333333,2
259,Koyra Chiini,17.0,-3.0,10
260,Koyraboro Senni,16.0,0.0,8
261,Kuku-Yalanji,-16.0,145.0,6
262,Kunimaipa,-8.0,146.83333330000002,4
263,Kurdish (Central),36.0,44.0,5
264,Kwaio,-8.95,161.0,10
265,Lahu,20.0,98.16666667,7
266,Latvian,57.0,24.0,11
267,Lavukaleve,-9.083333332999999,159.2,12
268,Lepcha,27.16666667,88.5,10
269,Lugbara,3.083333333,30.91666667,11
270,Luo,-0.5,34.75,9
271,Lusi,-5.583333333,149.66666669999998,10
272,Luvale,-12.0,22.0,12
273,Ma'ya,-1.25,130.9166667,3
274,Maidu (Northeast),40.0,-120.66666670000001,11
275,Malakmalak,-13.41666667,130.4166667,7
276,Manchu,49.5,127.5,7
277,Mangarrayi,-14.66666667,133.5,10
278,Maranao,7.833333333,124.25,2
279,Marind,-7.833333333,140.16666669999998,9
280,Maung,-11.91666667,133.5,11
281,Mixtec (Chalcatongo),17.05,-97.58333333,15
282,Mixtec (Molinos),17.0,-97.58333333,2
283,Mor,-2.95,135.75,7
284,Movima,-13.83333333,-65.66666667,8
285,Nahuatl (North Puebla),20.0,-98.25,6
286,Nahuatl (Tetelcingo),19.66666667,-99.0,16
287,Nanai,49.5,137.0,7
288,Natügu,-10.78333333,165.8666667,2
289,Naxi,27.5,100.0,3
290,Ndut,14.91666667,-16.91666667,7
291,Ndyuka,4.5,-54.5,13
292,Nobiin,21.0,31.0,3
293,Nyah Kur (Tha Pong),15.66666667,101.66666670000001,2
294,Ojibwa (Eastern),46.0,-80.0,9
295,Paamese,-16.5,168.25,14
296,Parauk,23.25,99.5,3
297,Passamaquoddy-Maliseet,45.0,-67.0,9
298,Pech,15.0,-85.5,6
299,Qaget,-4.583333333,152.0,3
300,Sango,5.0,18.0,14
301,Savosavo,-9.133333333,159.8,5
302,Semelai,3.0,103.0,15
303,Shasta,41.83333333,-122.66666670000001,6
304,Shipibo-Konibo,-7.5,-75.0,11
305,Siona,0.333333333,-76.25,4
306,Sora,20.0,84.33333333,3
307,Sre,11.5,108.0,7
308,Taba,0.0,127.5,14
309,Tagalog,15.0,121.0,15
310,Tarok,9.0,10.08333333,3
311,Tibetan (Standard Spoken),30.0,91.0,9
312,Ticuna,-4.0,-70.5,5
313,Tiwa (Northern),36.5,-105.5,4
314,Tonkawa,30.25,-96.75,11
315,Tsou,23.5,120.75,3
316,Ungarinjin,-16.33333333,126.0,7
317,Wahgi,-5.833333333,144.7166667,7
318,Wapishana,2.666666667,-60.0,3
319,Waray (in Australia),-13.16666667,131.25,6
320,Wardaman,-15.5,131.0,10
321,West Makian,0.5,127.58333329999999,11
322,Wolof,15.25,-16.0,10
323,Yagaria,-6.333333333,145.41666669999998,3
324,Yaqui,27.5,-110.25,14
325,Yawa,-1.75,136.25,3
326,Yessan-Mayo,-4.166666667,142.58333330000002,4
327,Yidiny,-17.0,145.75,12
328,Yucuna,-0.75,-71.0,8
329, Kiwai (Southern),-8.0,143.5,4
330,Aché,-25.25,-55.16666667,1
331,Acoma,34.91666667,-107.58333329999999,8
332,Adzera,-6.25,146.25,7
333,Ainu,43.0,143.0,14
334,Akawaio,6.0,-59.5,2
335,Alabama,32.33333333,-87.41666667,4
336,Alamblak,-4.666666667,143.33333330000002,8
337,Amharic,10.0,38.0,9
338,Andoke,-0.666666667,-72.0,4
339,Angaataha,-7.216666667,146.25,2
340,Angas,9.5,9.5,6
341,Ao,26.58333333,94.66666667,5
342,Apinayé,-5.5,-48.0,5
343,Arabela,-2.0,-75.16666667,2
344,Arapesh (Mountain),-3.4666666669999997,143.16666669999998,7
345,Arrernte (Mparntwe),-24.0,136.0,6
346,Asmat,-5.5,138.5,13
347,Bai,26.0,100.0,7
348,Bakairí,-14.0,-55.0,1
349,Bariba,10.0,2.5,1
350,Batak (Karo),3.25,98.25,15
351,Bodo,26.83333333,92.0,5
352,Bororo,-16.0,-57.0,7
353,Cacua,1.083333333,-70.0,3
354,Campa (Axininca),-12.0,-74.0,9
355,Canela,-7.0,-45.0,13
356,Carib,5.5,-56.0,6
357,Cayuvava,-13.5,-65.5,6
358,Cherokee,35.5,-83.5,8
359,Chickasaw,34.0,-88.0,3
360,Chipewyan,59.0,-106.0,5
361,Chuave,-6.1166666670000005,145.1166667,1
362,Cofán,0.166666667,-77.16666667,3
363,Comanche,33.5,-101.5,9
364,Cree (Plains),54.0,-110.0,9
365,Cubeo,1.333333333,-70.5,5
366,Dadibi,-6.55,144.58333330000002,2
367,Daga,-10.0,149.33333330000002,12
368,Dahalo,-2.333333333,40.5,1
369,Dani (Lower Grand Valley),-4.333333333,138.83333330000002,8
370,Darai,24.0,84.0,2
371,Deti,-20.5,24.5,2
372,Dla (Proper),-3.583333333,141.0,3
373,Dumo,-2.683333333,141.3,8
374,Efik,4.916666667,8.5,3
375,Ekari,-3.833333333,135.5,6
376,Epena Pedee,3.0,-77.0,11
377,Fasu,-6.583333333,143.33333330000002,3
378,Fe'fe',5.25,10.16666667,3
379,Finnish,62.0,25.0,16
380,Fur,13.5,25.0,9
381,Fuzhou,26.0,119.5,2
382,Fyem,9.583333332999999,9.333333332999999,8
383,Hadza,-3.75,35.16666667,1
384,Hausa,12.0,7.0,11
385,Hawaiian,19.58333333,-155.5,6
386,Hindi,25.0,77.0,10
387,Huitoto (Murui),-1.0,-73.5,5
388,Ika,10.66666667,-73.75,9
389,Imonda,-3.333333333,141.16666669999998,10
390,Irarutu,-3.0,133.5,8
391,Irish (Donegal),55.0,-8.0,1
392,Iwam,-4.333333333,142.0,2
393,Japreria,10.5,-73.0,2
394,Jomang,10.58333333,30.5,2
395,Ju|'hoan,-19.0,21.0,14
396,Kaingang,-26.0,-52.0,8
397,Kannada,14.0,76.0,13
398,Kayardild,-17.05,139.5,11
399,Kedang,-8.25,123.75,2
400,Kharia,22.5,84.33333333,4
401,Kiribati,1.333333333,173.0,9
402,Kisi (Southern),8.5,-10.25,2
403,Klao,4.75,-8.75,6
404,Koasati,34.83333333,-85.16666667,10
405,Koiari,-9.5,147.33333330000002,2
406,Konyagi,12.5,-13.25,1
407,Koromfe,14.25,-0.916666667,14
408,Kuna,8.0,-77.33333333,5
409,Ladakhi,34.0,78.0,6
410,Lakkia,24.08333333,110.16666670000001,2
411,Lamé,9.0,14.5,1
412,Lango,2.166666667,33.0,12
413,Lenakel,-19.45,169.25,7
414,Lithuanian,55.0,24.0,8
415,Malagasy,-20.0,47.0,17
416,Maori,-40.0,176.0,11
417,Maranungku,-13.66666667,130.0,9
418,Margi,11.0,13.0,7
419,Maxakalí,-18.0,-40.0,2
420,Maybrat,-1.333333333,132.5,12
421,Mazahua,19.41666667,-99.91666667,2
422,Mbum,7.75,13.16666667,6
423,Mien,25.0,111.0,6
424,Miwok (Southern Sierra),37.5,-120.0,12
425,Mixe (Totontepec),17.25,-96.0,3
426,Mundari,23.0,84.66666667,10
427,Nama,-25.5,18.0,13
428,Nancowry,8.05,93.5,6
429,Nasioi,-6.333333333,155.58333330000002,4
430,Navajo,36.16666667,-108.0,10
431,Nenets,70.0,76.0,7
432,Nepali,28.0,85.0,7
433,Ngiti,1.333333333,30.25,11
434,Ngiyambaa,-31.75,145.5,12
435,Ngizim,12.08333333,10.91666667,8
436,Nimboran,-2.5,140.16666669999998,3
437,Nyangi,3.416666667,33.58333333,2
438,Nyimang,12.16666667,29.33333333,5
439,Nyishi,27.5,93.5,2
440,Ocaina,-2.75,-71.75,3
441,Oneida,43.0,-75.66666667,9
442,Oromo (Harar),9.0,42.0,11
443,Panare,6.5,-66.0,3
444,Pawaian,-7.0,145.08333330000002,4
445,Pirahã,-7.0,-62.0,10
446,Pitjantjatjara,-26.0,130.0,8
447,Po-Ai,-20.66666667,164.83333330000002,2
448,Pohnpeian,6.8833333329999995,158.25,7
449,Polish,52.0,20.0,10
450,Purépecha,19.5,-101.66666670000001,13
451,Páez,2.666666667,-76.0,7
452,Rama,11.75,-83.75,13
453,Rapanui,-27.11666667,-109.36666670000001,12
454,Resígaro,-2.416666667,-71.5,7
455,Roro,-8.75,146.58333330000002,1
456,Rotokas,-6.0,155.16666669999998,1
457,Russian,56.0,38.0,15
458,Saami (Central-South),64.66666667,16.75,1
459,Sandawe,-5.0,35.0,5
460,Sanuma,4.5,-64.66666667,10
461,Sebei,1.333333333,34.58333333,4
462,Sedang,14.83333333,108.0,9
463,Selepet,-6.166666667,147.16666669999998,5
464,Seneca,42.5,-77.5,4
465,Sentani,-2.583333333,140.58333330000002,6
466,Shiriana,3.5,-62.83333333,8
467,Sindhi,26.0,69.0,1
468,Slave,67.0,-125.0,16
469,Soqotri,12.5,54.0,1
470,Suena,-7.75,147.55,9
471,Swahili,-6.5,39.0,11
472,Tacana,-13.5,-68.0,8
473,Tashlhiyt,31.0,-5.0,5
474,Tausug,6.0,121.0,7
475,Telugu,16.0,79.0,4
476,Temein,11.91666667,29.41666667,7
477,Temne,8.666666667000001,-13.08333333,7
478,Tera,11.0,11.83333333,10
479,Tetun,-9.0,126.0,7
480,Tigak,-2.7166666669999997,150.8,10
481,Tigré,16.5,38.5,5
482,Tiruray,6.75,124.16666670000001,2
483,Toaripi,-8.333333332999999,146.25,2
484,Toro So,14.41666667,-3.25,1
485,Tunica,32.66666667,-91.0,6
486,Urubú-Kaapor,-2.333333333,-46.5,13
487,Usan,-4.833333333,145.16666669999998,9
488,Waimaha,0.333333333,-70.25,2
489,Wambaya,-18.66666667,135.75,10
490,Wantoat,-6.166666667,146.5,2
491,Waorani,-1.0,-76.5,5
492,Wappo,38.5,-122.5,9
493,Warao,9.333333332999999,-61.66666667,10
494,Wari',-11.33333333,-65.0,12
495,Waris,-3.166666667,141.0,3
496,Western Desert (Ooldea),-30.5,132.0,1
497,Wik Munkan,-13.91666667,141.75,7
498,Woisika,-8.25,124.83333329999999,5
499,Yagua,-3.5,-72.0,13
500,Yanyuwa,-16.41666667,137.16666669999998,2
501,Yareba,-9.5,148.5,4
502,Yelî Dnye,-11.36666667,154.16666669999998,4
503,Yeyi,-20.0,23.5,2
504,Yimas,-4.666666667,143.55,10
505,Yoruba,8.0,4.333333333,14
506,Yuchi,35.75,-86.75,7
507,Yulu,8.5,25.25,6
508,Yurok,41.33333333,-124.0,10
509,Zoque (Copainalá),17.0,-93.25,11
510,Zulu,-30.0,30.0,11
511,!Xóõ,-24.0,21.5,6
512,//Ani,-18.91666667,21.91666667,4
513,Aymara (Central),-17.0,-69.0,8
514,Hmong Njua,28.0,105.0,14
515,Iraqw,-4.0,35.5,7
516,Jakaltek,15.66666667,-91.66666667,11
517,Jaqaru,-13.0,-76.0,7
518,Kalami,35.5,72.5,2
519,Selkup,65.0,82.0,4
520,Sui,26.0,107.5,1
521,Wintu,41.0,-122.5,7
522,Yupik (Siberian),65.0,-173.0,5
523,Acehnese,5.5,95.5,9
524,Balinese,-8.333333332999999,115.25,2
525,Berber (Middle Atlas),33.0,-5.0,11
526,Chatino (Yaitepec),16.25,-97.25,6
527,Dari,35.0,66.0,1
528,Halang,14.5,107.5,1
529,Hebrew (Modern),31.5,34.83333333,15
530,Kaiwá,-23.0,-55.0,1
531,Kei,-5.833333333,132.9166667,2
532,Kunjen,-16.5,142.5,1
533,Lampung,-5.0,105.0,5
534,Macushi,4.0,-60.0,13
535,Mentuh Tapuh,1.25,111.0,1
536,Oroch,50.33333333,137.5,1
537,Pokomchí,15.41666667,-90.5,1
538,Quechan,32.83333333,-114.33333329999999,1
539,Quiché,15.0,-91.41666667,2
540,Romani (North Russian),60.0,38.0,1
541,Sikule,2.666666667,96.0,1
542,Tajik,38.66666667,70.0,4
543,Tsakhur,41.66666667,47.16666667,1
544,Tsimshian (Coast),52.5,-129.0,8
545,Tübatulabal,36.0,-118.33333329999999,1
546,Weri,-7.75,146.91666669999998,1
547,Anejom,-20.2,169.8,6
548,Arabana,-28.25,136.25,3
549,Armenian (Eastern),40.0,45.0,9
550,Atakapa,30.0,-93.5,2
551,Barai,-9.333333332999999,148.08333330000002,6
552,Bari,5.0,31.66666667,7
553,Broken,-10.16666667,143.0,1
554,Byansi,30.16666667,80.5,4
555,Candoshi,-4.166666667,-77.0,4
556,Capanahua,-7.0,-74.0,3
557,Cavineña,-13.33333333,-66.5,6
558,Chepang,27.66666667,84.75,3
559,Chrau,10.75,107.5,10
560,Chukchi,67.0,-173.0,10
561,Chumash (Barbareño),34.5,-120.25,5
562,Chácobo,-12.16666667,-66.75,6
563,Comox,50.16666667,-125.0,4
564,Coos (Hanis),43.5,-124.16666670000001,9
565,Cora,22.16666667,-104.83333329999999,5
566,Crimean Tatar,45.0,34.08333333,2
567,Erromangan,-18.83333333,169.16666669999998,7
568,Georgian,42.0,44.0,13
569,Gumawana,-9.25,150.83333330000002,5
570,Guugu Yimidhirr,-15.0,144.83333330000002,6
571,Haida,53.0,-132.0,10
572,Hatam,-1.0,134.0,9
573,Hua,-6.333333333,145.33333330000002,4
574,Ingush,43.16666667,45.08333333,7
575,Iquito,-3.25,-74.0,9
576,Kapampangan,15.33333333,120.5,5
577,Karitiâna,-9.5,-64.0,1
578,Katla,11.83333333,29.33333333,7
579,Ket,64.0,87.0,9
580,Kisi,8.833333332999999,-10.16666667,10
581,Koh (Lakka),8.0,15.5,1
582,Konjo,-5.466666667,120.33333329999999,1
583,Kosraean,5.3,163.0,8
584,Kukú,5.833333333,31.66666667,1
585,Kutenai,49.5,-116.0,12
586,Kwaza,-12.58333333,-60.66666667,7
587,Lak,42.16666667,47.16666667,3
588,Larike,-3.75,127.91666670000001,1
589,Lezgian,41.66666667,47.83333333,11
590,Limbu,27.16666667,87.75,2
591,Maisin,-9.5,149.16666669999998,5
592,Makah,48.33333333,-124.66666670000001,6
593,Masalit,13.33333333,22.0,5
594,Mauritian Creole,-20.33333333,57.5,1
595,Mende,7.833333333,-11.5,6
596,Miskito,14.0,-83.66666667,9
597,Mizo,23.16666667,92.83333333,7
598,Mlabri (Minor),18.5,101.0,5
599,Mono-Alu,-7.05,155.75,4
600,Muna,-5.0,122.5,8
601,Nadëb,-1.0,-66.5,3
602,Nakanai,-5.583333333,150.58333330000002,7
603,Nez Perce,46.0,-116.0,8
604,Ngäbere,8.666666667000001,-82.0,6
605,Nivkh,53.33333333,142.0,5
606,Nubian (Dongolese),18.25,30.75,8
607,Nupe,9.166666667000001,5.416666667,7
608,Nuuchahnulth,49.66666667,-126.66666670000001,6
609,Nyulnyul,-17.0,122.83333329999999,3
610,Ossetic,43.0,44.0,5
611,Palauan,7.5,134.58333330000002,8
612,Panyjima,-22.83333333,118.41666670000001,5
613,Pipil,13.83333333,-89.58333333,8
614,Päri,5.0,32.5,4
615,Quechua (Imbabura),0.333333333,-78.0,11
616,Remo,18.0,82.0,3
617,Salinan,36.0,-121.0,7
618,Salt-Yui,-6.283333333,145.0333333,5
619,Samoan,-13.91666667,-171.83333330000002,11
620,Saramaccan,4.5,-55.5,1
621,Sawu,-11.5,121.91666670000001,3
622,Siuslaw,44.0,-124.0,11
623,So,2.583333333,34.75,8
624,Squamish,49.66666667,-123.16666670000001,10
625,Sundanese,-7.0,107.0,6
626,Takelma,42.5,-123.0,8
627,Tauya,-5.75,145.33333330000002,8
628,Tawala,-10.33333333,150.66666669999998,6
629,Temiar,5.0,101.5,6
630,Tepehuan (Northern),26.33333333,-107.0,6
631,Teribe,9.333333332999999,-82.66666667,6
632,Tiipay (Jamul),32.16666667,-116.5,7
633,Tinrin,-21.66666667,165.75,10
634,Tlingit,59.0,-135.0,8
635,Tolai,-4.25,152.08333330000002,6
636,Tommo So,15.0,-3.0,3
637,Totonac (Misantla),19.91666667,-96.91666667,3
638,Trique (Copala),17.16666667,-97.91666667,8
639,Turkana,3.0,35.5,5
640,Tzutujil,14.66666667,-91.33333333,10
641,Udihe,47.66666667,136.25,7
642,Uma,-1.8333333330000001,120.0,2
643,Ura,-18.66666667,169.08333330000002,6
644,Uradhi,-11.91666667,142.41666669999998,5
645,Wambon,-5.5,140.41666669999998,6
646,Washo,39.25,-120.0,6
647,Waskia,-4.5,146.0,7
648,Wikchamni,36.41666667,-119.08333329999999,4
649,Yukulta,-17.33333333,138.83333330000002,5
650,Yup'ik (Central),59.5,-160.0,5
651,Zapotec (San Lucas Quiaviní),16.9,-96.46666667,3
652,Altai (Southern),51.0,87.0,1
653,Alyawarra,-22.5,135.0,4
654,Anguthimri,-12.33333333,141.83333330000002,2
655,Assamese,26.0,93.0,2
656,Atchin,-16.0,167.33333330000002,1
657,Badimaya,-27.66666667,118.0,6
658,Bao'an,35.75,102.83333329999999,2
659,Belorussian,54.0,28.0,5
660,Bugis,-4.0,120.0,5
661,Buriat,52.0,108.0,6
662,Burushaski,36.5,74.5,9
663,Chantyal,28.58333333,83.41666667,3
664,Chitimacha,29.66666667,-91.0,5
665,Chocho,17.66666667,-97.41666667,2
666,Creek,34.0,-85.0,2
667,Djabugay,-16.75,145.58333330000002,4
668,Djaru,-18.75,128.0,3
669,Djingili,-17.75,134.0,6
670,Enets,67.5,86.5,2
671,Estonian,59.0,26.0,8
672,Gaagudju,-12.58333333,132.8333333,3
673,Gagauz,46.33333333,28.66666667,1
674,Gumbaynggir,-30.16666667,152.5,4
675,Gurr-goni,-12.25,134.41666669999998,2
676,Hayu,27.25,86.0,4
677,Hupa,41.08333333,-123.66666670000001,6
678,Icelandic,65.0,-17.0,10
679,Itzaj,17.0,-89.83333333,3
680,Jaminjung,-15.08333333,130.5,2
681,Kamaiurá,-12.08333333,-52.58333333,5
682,Karachay-Balkar,43.5,42.0,5
683,Karaim,54.66666667,24.91666667,1
684,Karelian,64.0,32.0,1
685,Khakas,53.0,90.0,3
686,Kham,28.5,82.75,3
687,Kodava,12.16666667,76.83333333,2
688,Komi-Permyak,59.5,54.5,3
689,Korku,22.5,78.5,5
690,Ksingmul,21.08333333,104.0,1
691,Kugu Nganhcara,-14.41666667,142.0,6
692,Lillooet,50.75,-122.0,5
693,Limilngan,-12.5,131.9166667,3
694,Maithili,26.0,86.0,5
695,Malayalam,10.0,76.5,7
696,Mara,-15.0,135.16666669999998,4
697,Marathi,19.0,76.0,6
698,Mari (Hill),57.0,58.0,1
699,Marrithiyel,-13.83333333,130.0,4
700,Micmac,45.0,-63.0,3
701,Mordvin (Erzya),53.0,45.5,6
702,Mordvin (Moksha),54.0,44.0,1
703,Muruwari,-28.75,147.0,5
704,Ndjébbana,-12.16666667,134.11666670000002,4
705,Negidal,53.0,139.0,1
706,Newar (Dolakha),27.33333333,86.0,3
707,Ngandi,-13.83333333,135.0,3
708,Ngankikurungkurr,-14.0,130.5,5
709,Nhanda,-27.0,114.16666670000001,3
710,Nisgha,55.0,-130.0,6
711,Paakantyi,-32.5,142.5,5
712,Paiute (Northern),42.0,-118.0,7
713,Pashto,33.0,67.0,2
714,Pitta Pitta,-22.83333333,140.0,6
715,Quechua (Huallaga),-9.5,-75.5,3
716,Saami (Kildin),67.0,37.0,1
717,Saami (Northern),69.0,24.0,7
718,Santali,24.5,87.0,4
719,Serbian-Croatian,44.0,19.0,7
720,Shor,53.0,88.0,1
721,Shoshone,41.0,-114.0,2
722,Tamil,11.0,78.5,7
723,Tatar,56.0,49.5,4
724,Tepehuan (Southeastern),23.0,-104.5,3
725,Totonac (Xicotepec de Juárez),20.41666667,-97.83333333,7
726,Tsat,18.25,109.5,2
727,Udmurt,57.5,52.5,5
728,Ukrainian,49.0,33.0,7
729,Upper Kuskokwim,63.0,-157.0,2
730,Uzbek,39.0,66.0,6
731,Warndarang,-14.41666667,135.58333330000002,5
732,Yindjibarndi,-21.75,117.91666670000001,6
733,Yingkarta,-25.16666667,114.83333329999999,4
734,Yuwaalaraay,-29.5,148.0,4
735,Abkhaz,43.08333333,41.0,9
736,Anêm,-5.583333333,149.08333330000002,6
737,Arabic (Egyptian),30.0,31.0,9
738,Awtuw,-3.583333333,142.0,5
739,Bauzi,-2.5,137.5,3
740,Berik,-2.25,138.83333330000002,2
741,Boazi,-7.0,141.33333330000002,2
742,Buru,-3.5,126.5,5
743,Chayahuita,-5.5,-77.0,2
744,Chimariko,41.0,-123.0,5
745,Digaro,28.41666667,96.0,5
746,Fulfulde (Adamawa),9.166666667000001,13.5,9
747,Gumuz,12.5,35.83333333,4
748,Iau,-3.166666667,137.5,2
749,Kanum (Ngkâlmpw),-8.666666667000001,140.91666669999998,1
750,Kimaghama,-8.0,138.5,4
751,Kipea,-10.0,-37.0,4
752,Kolana,-8.25,125.11666670000001,1
753,Konua,-5.833333333,154.83333330000002,1
754,Kâte,-6.5,147.75,4
755,Luganda,0.5,32.16666667,3
756,Malto,25.0,87.33333333,1
757,Mandinka,13.0,-15.66666667,1
758,Motuna,-6.6166666670000005,155.41666669999998,3
759,Nahali,19.75,77.83333333,2
760,Nakkara,-12.11666667,134.41666669999998,3
761,Nicobarese (Car),9.0,93.0,9
762,Nyigina,-18.0,124.33333329999999,4
763,Orig,12.16666667,30.83333333,3
764,Pomo (Southeastern),39.0,-122.5,5
765,Sahu,1.166666667,127.5,7
766,Sulka,-5.083333333,151.91666669999998,4
767,Tehit,-1.5,132.0,1
768,Telefol,-5.0,141.75,5
769,Warlpiri,-20.0,132.3333333,5
770,Wembawemba,-35.33333333,144.0,6
771,Yali,-4.0,139.33333330000002,1
772,Aghu,-6.166666667,140.16666669999998,1
773,Aleut,54.0,-166.0,3
774,Archi,42.0,46.83333333,4
775,Avar,42.5,46.5,4
776,Blackfoot,50.0,-112.66666670000001,7
777,Chinook (Lower),46.25,-123.5,5
778,Choctaw,32.25,-88.5,6
779,Dutch,52.5,6.0,11
780,Gaelic (Scots),57.0,-4.0,9
781,Gidabal,-28.41666667,152.41666669999998,4
782,Irish,53.0,-8.0,10
783,Jabêm,-6.583333333,147.7833333,7
784,Maltese,35.91666667,14.41666667,2
785,Menomini,45.5,-88.33333333,7
786,Michif,52.0,-100.16666670000001,1
787,Mokilese,6.666666667,159.75,9
788,Mutsun,36.83333333,-121.5,8
789,Ngalakan,-14.25,134.0,4
790,Ojibwa (Severn),53.0,-90.0,1
791,Parji (Dravidian),19.5,82.5,2
792,Romani (Kalderash),45.0,21.0,2
793,Serrano,34.5,-117.0,1
794,Swedish,60.0,15.0,10
795,Tok Pisin,-9.5,147.16666669999998,4
796,Tubu,16.0,15.0,5
797,Tuscarora,36.0,-77.5,6
798,Waropen,-2.333333333,136.58333330000002,1
799,Agarabi,-6.166666667,146.0,2
800,Angolar,0.25,6.5,1
801,Apatani,27.5,93.75,5
802,Barasano,-0.166666667,-70.66666667,10
803,Baré,1.0,-67.0,9
804,Biri,-20.5,146.5,7
805,Brokskat,35.33333333,76.5,3
806,Cashinahua,-10.5,-71.83333333,3
807,Chechen,43.25,45.83333333,4
808,Chinantec (Comaltepec),17.58333333,-96.41666667,6
809,Chinantec (Tepetotutla),17.83333333,-96.5,1
810,Damana,11.0,-73.5,3
811,Danish,56.0,10.0,9
812,Desano,0.833333333,-69.83333333,6
813,Godoberi,42.66666667,46.08333333,3
814,Haya,-2.0,31.5,4
815,Idoma,6.916666667,7.5,3
816,Kabyle,36.5,5.0,6
817,Karata,42.58333333,46.33333333,1
818,Klamath,42.5,-121.5,8
819,Ko (Winye),11.86666667,-2.916666667,1
820,Kokborok,24.33333333,92.5,4
821,Lobi,10.5,-3.25,1
822,Logoti,3.5,30.0,6
823,Lotha,26.5,94.25,3
824,Manx,54.16666667,-4.5,1
825,Mbay,8.25,17.5,8
826,Mikir,26.33333333,93.5,3
827,Mising,28.5,94.83333333,3
828,Mupun,9.5,8.833333332999999,10
829,Naga (Tangkhul),25.0,94.5,3
830,Naga Pidgin,25.66666667,94.0,1
831,Nkonya,7.166666667,0.25,5
832,Nyawaygi,-19.0,146.16666669999998,2
833,Pangasinan,15.91666667,120.33333329999999,6
834,Pima Bajo,29.0,-111.0,5
835,Seediq,24.16666667,121.41666670000001,4
836,Sema,26.0,94.5,5
837,Susu,10.0,-13.0,3
838,Tahitian,-17.66666667,-149.58333330000002,4
839,Thakali,29.0,83.75,2
840,Tokelauan,-9.0,-172.0,3
841,Toratán,1.083333333,124.83333329999999,2
842,Wathawurrung,-38.0,144.0,4
843,Watjarri,-26.0,117.5,4
844,Wolio,-5.5,122.75,4
845,Abun,-0.5,132.5,8
846,Anufo,10.08333333,0.25,5
847,Arabic (Palestinian),32.0,35.25,1
848,Araki,-15.66666667,166.91666669999998,1
849,Avokaya,4.666666667,30.0,2
850,Bhumij,21.33333333,86.5,2
851,Engenni,5.166666667,6.3833333329999995,5
852,Futuna (East),-14.33333333,-178.16666669999998,1
853,Galela,2.416666667,128.3333333,1
854,Gbaya (Northwest),6.0,15.0,1
855,Hmong Daw,26.0,105.0,3
856,Jarawa (in Nigeria),9.5,10.5,6
857,Kadiwéu,-20.0,-57.0,4
858,Kambera,-9.833333332999999,120.16666670000001,4
859,Korana,-29.5,20.5,5
860,Linda,6.5,20.75,7
861,Loniu,-2.066666667,147.33333330000002,6
862,Ma'di,3.25,31.5,7
863,Manam,-4.0,145.0,4
864,Mixtec (Yosondúa),16.91666667,-97.58333333,5
865,Mon,14.83333333,100.5,6
866,Monumbo,-4.25,145.0,4
867,Mulao,25.0,108.0,1
868,Mundang,9.666666667000001,14.5,7
869,Mundurukú,-7.0,-58.0,2
870,Mwotlap,-13.58333333,167.58333330000002,5
871,Nelemwa,-20.25,164.08333330000002,1
872,Onge,10.75,92.41666667,3
873,Paulohi,-3.25,128.75,7
874,Saliba (in Papua New Guinea),-10.58333333,150.7166667,6
875,Sapuan,15.16666667,106.83333329999999,7
876,Skou,-2.666666667,140.91666669999998,3
877,Svan,43.0,42.5,2
878,Tondano,1.25,125.0,8
879,Urak Lawoi',8.0,98.33333333,6
880,Vagla,9.416666667000001,-2.416666667,1
881,Wallisian,-13.3,-176.2,1
882,Warembori,-1.6666666669999999,137.58333330000002,8
883,Yakoma,4.416666667,18.41666667,1
884,/Xam,-31.0,21.0,5
885,=|Hoan,-25.5,25.0,5
886,Achagua,4.416666667,-72.25,7
887,Acholi,3.0,32.66666667,6
888,Adioukrou,5.416666667,-4.583333333,4
889,Aja,7.333333333,25.66666667,4
890,Alune,-3.0,128.3333333,5
891,Amara,-5.666666667,148.5,3
892,Ambae (Lolovoli Northeast),-15.41666667,167.8833333,6
893,Ambai,-1.8333333330000001,136.5,5
894,Anyi,7.0,-3.5,4
895,Arabic (Gulf),26.0,49.0,5
896,Arabic (Iraqi),33.0,44.0,4
897,Arabic (Kuwaiti),29.5,47.5,5
898,Arapesh (Abu),-3.45,142.95,4
899,Arawak,5.5,-55.16666667,5
900,Aribwatsa,-6.716666667,147.0,3
901,Arop-Lokep,-5.3833333329999995,147.05,5
902,Arosi,-10.25,161.33333330000002,6
903,Au,-3.583333333,142.08333330000002,6
904,Avikam,5.166666667,-5.5,2
905,Ayiwo,-10.33333333,166.25,5
906,Ayoreo,-20.25,-59.25,3
907,Babole,1.083333333,17.25,3
908,Babungo,6.1166666670000005,10.41666667,6
909,Bafut,6.25,9.916666667000001,5
910,Baga Sitemu,10.5,-14.5,3
911,Bagiro,4.333333333,20.58333333,5
912,Baka (in Cameroon),2.583333333,13.58333333,5
913,Baka (in South Sudan),4.833333333,29.25,4
914,Bakueri,4.25,9.25,4
915,Balanta,12.25,-15.33333333,4
916,Bali-Vitu,-4.9,149.1166667,5
917,Banggi,7.25,117.16666670000001,3
918,Bankon,4.416666667,9.583333332999999,4
919,Banoni,-6.416666667,155.25,5
920,Basaá,3.916666667,10.5,4
921,Baule,7.0,-5.0,3
922,Bera,1.5,30.03,4
923,Berber (Rif),34.5,-4.0,6
924,Biak,-1.0,136.0,7
925,Bidiya,11.91666667,18.75,5
926,Bimoba,10.5,0.0,4
927,Bini,6.416666667,5.833333333,5
928,Bobangi,-1.333333333,17.33333333,4
929,Bolia,-1.25,18.33333333,4
930,Bongo,7.5,28.5,5
931,Bubi,3.5,8.666666667000001,3
932,Budu,2.0,28.0,4
933,Buduma,13.5,14.5,6
934,Buli (in Ghana),10.5,-1.25,3
935,Buma,-11.63333333,166.83333330000002,6
936,Bunu (Younuo),24.0,107.0,5
937,Burunge,-5.333333333,36.0,5
938,Bushoong,-4.5,21.5,3
939,Chaga,-3.0,37.0,3
940,Cham (Eastern),11.33333333,108.5,4
941,Chichewa,-14.0,34.0,5
942,Chontal Maya,18.16666667,-92.58333333,6
943,Cocama,-5.0,-74.5,6
944,Coptic,26.0,32.0,6
945,Cornish,50.33333333,-5.0,6
946,Cua,15.25,108.5,2
947,Cuica,9.0,-70.5,2
948,Czech,50.0,15.0,4
949,Dagaare,10.5,-2.666666667,5
950,Day,8.75,17.83333333,4
951,Degema,4.75,6.75,2
952,Doko,3.0,23.08333333,2
953,Duala,4.0,9.416666667000001,5
954,Duka,11.16666667,5.083333333,5
955,Duma,-0.95,13.0,4
956,Ebira,8.166666667000001,7.0,3
957,Efate (South),-17.75,168.41666669999998,5
958,Ega,5.5,-5.5,5
959,Ekoti,-16.5,39.5,2
960,Emai,7.083333333,5.916666667,3
961,Enggano,-5.416666667,102.25,6
962,Fongbe,6.416666667,2.166666667,5
963,Futuna-Aniwa,-19.53333333,170.2166667,6
964,Gbaya (Southwest),4.7,14.96,4
965,Goemai,8.666666667000001,9.75,5
966,Gokana,4.583333333,7.333333333,4
967,Gula (in Central African Republic),9.5,22.5,6
968,Gunbalang,-12.0,134.0,3
969,Gungbe,6.5,2.5,3
970,Gworok,9.916666667000001,8.166666667000001,4
971,Halia,-5.25,154.66666669999998,5
972,Hehe,-8.0,36.0,3
973,Hemba,-6.25,27.16666667,3
974,Hlai (Baoding),19.0,109.5,4
975,Holoholo,-5.166666667,29.91666667,3
976,Hunde,-1.166666667,28.83333333,4
977,Ifira-Mele,-17.75,168.25,3
978,Ifumu,-3.666666667,15.33333333,5
979,Igede,7.0,8.166666667000001,4
980,Ila,-15.58333333,26.5,4
981,Italian,43.0,12.0,9
982,Iwaidja,-11.5,132.6666667,4
983,Iwoyo,-5.5,12.25,4
984,Izi,6.333333333,8.0,4
985,Jukun,6.916666667,10.41666667,5
986,Jur Mödö,6.0,30.0,6
987,Kabiyé,9.666666667000001,1.166666667,4
988,Kamba,-1.5,38.0,4
989,Kana,4.75,7.416666667,5
990,Kara (in Central African Republic),10.0,23.0,5
991,Karen (Bwe),19.5,97.0,5
992,Karen (Pwo),13.0,99.16666667,5
993,Kasem,11.25,-1.25,3
994,Kasong,12.75,102.1166667,4
995,Katcha,10.83333333,29.66666667,5
996,Kaulong,-6.166666667,149.66666669999998,3
997,Kele,-2.083333333,147.08333330000002,5
998,Kenga,12.0,18.0,4
999,Kete,-7.0,22.83333333,3
1000,Khün,21.0,100.0,3
1001,Kikuyu,-0.75,36.75,4
1002,Kiluba,-8.0,26.0,3
1003,Kinga,-9.0,34.0,4
1004,Kinyarwanda,-2.0,30.0,3
1005,Kirma,10.25,-4.833333333,5
1006,Koegu,7.0,36.08333333,6
1007,Kombio,-3.5,142.75,5
1008,Kongo,-5.0,15.0,9
1009,Konni,10.25,-1.5833333330000001,4
1010,Kresh,8.5,24.5,5
1011,Kwangali,-18.0,19.5,5
1012,Laal,10.0,17.66666667,5
1013,Labu,-6.75,146.91666669999998,5
1014,Lagwan,11.5,14.83333333,5
1015,Lamaholot,-8.25,122.91666670000001,4
1016,Lamen,-16.58333333,168.16666669999998,4
1017,Langi,-4.5,36.0,4
1018,Lao,18.0,103.0,8
1019,Lebeo,1.75,25.0,3
1020,Lega,-2.833333333,27.16666667,2
1021,Leggbó,6.0,8.0,4
1022,Lele,9.083333332999999,15.58333333,5
1023,Leti,-8.2,127.66666670000001,4
1024,Lewo,-16.75,168.33333330000002,4
1025,Lingala,2.0,18.5,6
1026,Londo,5.0,9.166666667000001,4
1027,Lou,-2.383333333,147.31666669999998,5
1028,Lucazi,-14.0,20.0,3
1029,Lunda,-10.66666667,24.0,5
1030,Ma,3.5,28.0,4
1031,Ma'anyan,-2.0,115.0,4
1032,Macedonian,41.66666667,21.75,3
1033,Mada (in Cameroon),10.83333333,14.16666667,5
1034,Mae,-16.0,167.25,5
1035,Maipure,5.5,-67.5,6
1036,Makaa,3.416666667,12.25,3
1037,Makonde,-11.0,40.0,3
1038,Makua,-15.0,38.66666667,4
1039,Maleu,-5.716666667,148.41666669999998,4
1040,Malgwa,11.5,13.75,4
1041,Mamvu,3.25,29.0,3
1042,Manadonese,1.5,124.83333329999999,4
1043,Mangap-Mbula,-5.666666667,148.08333330000002,4
1044,Mangbetu,2.5,26.5,5
1045,Manggarai,-8.5,120.33333329999999,4
1046,Mankon,6.0,10.16666667,2
1047,Masa,10.5,15.5,6
1048,Matuumbi,-8.5,39.0,5
1049,Mayogo,3.0,29.0,4
1050,Mbalanhu,-17.5,15.0,3
1051,Mbara,11.0,15.41666667,5
1052,Mbere,-0.5,14.0,4
1053,Mbili,6.1166666670000005,10.2,6
1054,Mbodomo,4.5,15.5,4
1055,Mbosi,-1.25,15.5,5
1056,Me'en,5.0,37.0,5
1057,Meyah,-1.166666667,133.5,5
1058,Mina,10.33333333,13.83333333,5
1059,Mocoví,-28.0,-60.5,4
1060,Mofu-Gudur,10.5,14.0,4
1061,Mondunga,2.25,21.5,6
1062,Mongo,0.0,21.0,4
1063,Mooré,12.83333333,-1.25,6
1064,Mosetén,-14.75,-67.83333333,8
1065,Mpur,-0.75,133.25,4
1066,Mufian,-3.5,143.0,5
1067,Mungaka,5.916666667,10.0,5
1068,Mursi,5.583333333,36.08333333,5
1069,Musgu,10.83333333,14.91666667,6
1070,Musom,-6.583333333,147.0,3
1071,Mussau,-1.45,149.6166667,5
1072,Mwera,-9.0,39.0,4
1073,Nahuatl (Michoacán),18.5,-103.0,5
1074,Nalik,-2.95,151.33333330000002,4
1075,Ncàm,9.333333332999999,0.666666667,5
1076,Ndebele (in South Africa),-25.33333333,29.0,4
1077,Ndonga,-18.0,17.0,6
1078,Ndumu,-1.6666666669999999,13.58333333,5
1079,Nehan,-4.5,154.2,6
1080,Nengone,-21.5,168.0,5
1081,Ngad'a,-8.833333332999999,121.0,5
1082,Ngambay,8.666666667000001,16.0,5
1083,Ngawun,-19.0,141.5,4
1084,Ngbaka (Ma'bo),3.56,18.36,3
1085,Ngbaka (Minagende),3.5,20.0,2
1086,Ngbandi,3.75,22.0,4
1087,Ngombe,3.0,23.0,2
1088,Ngoni,-11.0,36.0,5
1089,Nguna,-16.91666667,168.5,5
1090,Nkem,6.583333333,8.583333332999999,3
1091,Noon,14.83333333,-16.83333333,5
1092,Nsenga,-14.5,30.83333333,4
1093,Ntomba,-2.0,18.33333333,3
1094,Nuaulu,-3.25,129.1666667,6
1095,Nyanga,-1.25,28.16666667,4
1096,Nzakara,5.0,23.0,4
1097,Obolo,4.583333333,7.833333333,3
1098,Ocuilteco,18.91666667,-99.66666667,3
1099,Ogbronuagum,4.75,6.8666666670000005,2
1100,Olo,-3.416666667,142.0,4
1101,One,-3.25,141.91666669999998,4
1102,Otoro,11.16666667,30.5,6
1103,Pa'a,11.0,9.25,5
1104,Palaung,22.66666667,96.66666667,5
1105,Palikur,3.0,-51.0,6
1106,Pame,22.0,-99.5,4
1107,Pangwa,-10.0,34.75,3
1108,Pare,-4.0,36.5,4
1109,Patep,-6.916666667,146.58333330000002,6
1110,Pero,9.583333332999999,11.0,8
1111,Pilagá,-25.0,-60.0,5
1112,Pogoro,-8.75,36.5,2
1113,Popoluca (Sierra),18.33333333,-95.16666667,5
1114,Port Sandwich,-16.5,167.75,4
1115,Portuguese,39.0,-8.0,6
1116,Puluwat,7.333333333,149.33333330000002,6
1117,Raga,-15.5,168.16666669999998,5
1118,Rimi,-5.0,34.66666667,2
1119,Romansch (Sursilvan),46.66666667,8.833333332999999,4
1120,Ron,9.0,8.75,5
1121,Ronga,-26.0,32.5,4
1122,Rotuman,-12.5,177.06666669999998,5
1123,Runyankore,-0.5,30.5,4
1124,Runyoro-Rutooro,1.5,31.33333333,3
1125,Sakao,-15.16666667,167.08333330000002,4
1126,Samba Leko,8.5,12.5,4
1127,Sangu,-1.5,11.83333333,4
1128,Sardinian,40.0,9.0,4
1129,Sengele,-1.8333333330000001,17.33333333,3
1130,Sesotho,-28.0,27.0,5
1131,Shambala,-4.25,38.25,3
1132,Shatt,10.83333333,30.0,5
1133,Shilluk,9.666666667000001,31.75,6
1134,Shona,-18.0,31.0,6
1135,Siar,-4.666666667,152.91666669999998,4
1136,Sio,-5.95,147.33333330000002,5
1137,Sisaala,10.83333333,-2.666666667,3
1138,Sisiqa,-7.0,156.83333330000002,6
1139,Slovene,46.0,15.0,3
1140,Sobei,-1.9166666669999999,138.75,5
1141,Sonsorol-Tobi,5.333333333,132.25,5
1142,Sotho (Northern),-24.0,29.0,4
1143,Sougb,-1.5,134.0,5
1144,Southeast Ambrym,-16.3,168.2166667,4
1145,Stieng,11.83333333,106.75,5
1146,Sudest,-11.5,153.45,6
1147,Suku,-6.0,17.66666667,3
1148,Sukuma,-2.833333333,32.0,2
1149,Tabwa,-8.0,29.5,4
1150,Taiof,-5.533333333,154.6333333,5
1151,Talinga,0.41666666700000005,29.66666667,2
1152,Tamabo,-15.66666667,167.16666669999998,5
1153,Tangale,9.75,11.33333333,2
1154,Teop,-5.666666667,155.0,5
1155,Tepehua (Tlachichilco),20.58333333,-98.25,5
1156,Tetela,-4.0,24.0,3
1157,Tetun Dili,-8.583333332999999,125.58333329999999,4
1158,Tidore,0.75,127.5,7
1159,Tima,11.66666667,29.25,4
1160,Tirmaga,5.75,35.25,2
1161,Tiv,7.5,9.0,5
1162,Tonga (in Zambia),-17.0,27.0,4
1163,Tugun,-7.716666667,126.75,5
1164,Tuki,4.583333333,11.5,2
1165,Tumleo,-3.083333333,142.41666669999998,3
1166,Tungak,-2.55,150.25,4
1167,Tupuri,10.16666667,14.75,4
1168,Uldeme,10.95,14.11666667,5
1169,Ulithian,9.916666667000001,139.58333330000002,5
1170,Urat,-3.666666667,142.83333330000002,5
1171,Venda,-22.0,30.0,3
1172,Vinmavis,-16.16666667,167.41666669999998,4
1173,Waama,10.58333333,1.6666666669999999,3
1174,Walman,-3.2166666669999997,142.5,4
1175,Warekena,1.5,-67.5,6
1176,Woleaian,7.333333333,143.83333330000002,5
1177,Xhosa,-32.0,27.0,4
1178,Xârâcùù,-21.66666667,166.0,4
1179,Yao (in Malawi),-14.5,35.5,3
1180,Zaparo,-2.0,-76.33333333,4
1181,Zhuang (Northern),24.0,108.0,2
1182,Zoque (Chimalapa),16.75,-94.75,5
1183,Adynyamathanha,-30.5,139.5,2
1184,Ajagbe,7.0,1.75,4
1185,Amis,23.33333333,121.33333329999999,3
1186,Anindilyakwa,-14.0,136.5,2
1187,Anywa,8.0,33.5,5
1188,Apalaí,0.0,-54.0,6
1189,Arabic (Syrian),34.0,38.0,7
1190,Atsugewi,40.75,-121.0,2
1191,Bachamal,-13.16666667,130.1666667,3
1192,Bajau (West Coast),6.333333333,116.33333329999999,5
1193,Barambu,3.5,27.0,4
1194,Berber (Chaouia),35.0,7.0,6
1195,Bilin,15.75,38.5,5
1196,Bilua,-7.75,156.66666669999998,4
1197,Bininj Gun-Wok,-12.5,133.75,4
1198,Bontok,17.08333333,120.91666670000001,6
1199,Bunuba,-17.75,125.75,2
1200,Chai,5.333333333,35.33333333,6
1201,Chemehuevi,34.33333333,-115.16666670000001,4
1202,Cree (Swampy),56.0,-90.0,3
1203,Dadjriwalé,5.25,-5.666666667,2
1204,Dhargari,-23.75,114.91666670000001,1
1205,Djambarrpuyngu,-12.16666667,135.5,2
1206,Djinang,-12.33333333,134.83333330000002,4
1207,Domari,32.0,35.0,3
1208,Dongo,3.0,30.0,5
1209,Emmi,-13.5,130.0,3
1210,Frisian,53.0,5.0,2
1211,Gitksan,55.33333333,-127.75,4
1212,Guarijío,27.75,-108.66666670000001,5
1213,Gunin,-14.25,126.66666670000001,4
1214,Gureng Gureng,-25.25,151.0,3
1215,Gününa Küne,-41.0,-67.0,5
1216,Inanwatan,-2.083333333,132.0833333,4
1217,Kamu,-13.58333333,130.8333333,3
1218,Karankawa,28.0,-97.0,1
1219,Keresan (Santa Ana),35.41666667,-106.66666670000001,3
1220,Kwakw'ala,51.0,-127.0,4
1221,Lacandón,17.0,-91.5,5
1222,Lamba,-13.0,28.0,3
1223,Leko,-15.0,-67.91666667,1
1224,Lendu,2.0,30.5,6
1225,Lese,2.0,29.0,2
1226,Madimadi,-34.5,143.5,4
1227,Masakin,10.66666667,30.0,5
1228,Massachusett,42.5,-71.0,3
1229,Mazatec (Huautla),18.25,-96.83333333,2
1230,Mehri,17.0,51.5,7
1231,Minangkabau,-1.0,101.0,5
1232,Mixe (Ayutla),17.08333333,-96.08333333,2
1233,Miya,10.91666667,9.666666667000001,6
1234,Mohawk,43.5,-74.25,2
1235,Moru,4.75,29.75,5
1236,Nadroga,-18.08333333,177.41666669999998,5
1237,Nauruan,-0.5,166.91666669999998,3
1238,Neyo,5.0,-6.0,4
1239,Ngan'gityemerri,-14.25,130.4166667,2
1240,Nuer,8.333333332999999,32.0,6
1241,Nyamwezi,-5.0,33.0,5
1242,Panará,-10.0,-55.0,4
1243,Patwin,39.0,-122.33333329999999,1
1244,Poko-Rawo,-2.833333333,141.58333330000002,3
1245,Ritharngu,-12.83333333,135.5,2
1246,Romani (Welsh),52.0,-4.0,4
1247,Shuswap,52.0,-120.0,6
1248,Swati,-26.5,31.0,3
1249,Tepehua (Huehuetla),20.5,-98.0,6
1250,Thompson,49.75,-121.75,6
1251,Tikar,5.833333333,11.66666667,3
1252,Toba,-26.5,-59.0,5
1253,Tongan,-21.16666667,-175.16666669999998,6
1254,Ute,39.0,-109.0,4
1255,Wai Wai,1.0,-59.0,2
1256,Wangkumara,-27.33333333,143.0,2
1257,Warrgamay,-18.58333333,146.08333330000002,2
1258,Warrwa,-17.5,123.5,2
1259,Wyandot,44.33333333,-77.5,3
1260,Yawelmani,35.41666667,-119.0,5
1261,Yawuru,-18.0,122.5,3
1262,Yokuts (Yaudanchi),36.08333333,-119.08333329999999,4
1263,Zarma,13.83333333,2.166666667,5
1264,Zoque (Ostuacan),17.41666667,-93.3,4
1265,Agta (Central),17.96666667,121.83333329999999,5
1266,Agta (Dupaningan),18.0,122.08333329999999,4
1267,Alsea,44.66666667,-123.91666670000001,3
1268,Arabic (Modern Standard),25.0,42.0,4
1269,Arabic (Moroccan),34.0,-6.0,4
1270,Ayomán,11.0,-69.0,4
1271,Balangao,17.16666667,121.16666670000001,1
1272,Baure,-13.08333333,-64.16666667,5
1273,Bella Coola,52.5,-126.66666670000001,3
1274,Bena-Lulua,-6.0,21.0,2
1275,Berber (Ayt Seghrouchen Middle Atlas),33.33333333,-4.666666667,1
1276,Berber (Figuig),32.5,-1.5,6
1277,Bikol,13.33333333,123.5,2
1278,Binga,8.0,25.0,1
1279,Cakchiquel,14.5,-91.0,5
1280,Cebuano,10.0,124.0,4
1281,Chinantec (Palantla),18.83333333,-96.75,4
1282,Chiquitano,-17.5,-60.0,2
1283,Chontal (Huamelultec Oaxaca),16.0,-95.75,5
1284,Chuj,15.91666667,-91.58333333,5
1285,Coeur d'Alene,47.25,-116.5,1
1286,Cèmuhî,-20.83333333,165.16666669999998,4
1287,Didinga,4.5,33.5,4
1288,Esmeraldeño,0.333333333,-79.83333333,2
1289,Ga'anda,10.33333333,12.58333333,3
1290,Garífuna,15.66666667,-88.0,4
1291,Gela,-9.083333332999999,160.25,4
1292,Giziga,10.33333333,14.16666667,1
1293,Guajajara,-5.0,-46.0,6
1294,Guató,-17.0,-58.0,4
1295,Gude,10.41666667,13.41666667,4
1296,Gula Iro,10.25,19.41666667,2
1297,Halkomelem (Upriver),49.25,-121.91666670000001,2
1298,Hdi,11.86666667,13.71666667,4
1299,Heiltsuk,52.0,-127.5,4
1300,Hiligaynon,10.25,123.0,4
1301,Hoava,-8.083333332999999,157.5,4
1302,Ifugao (Batad),16.83333333,121.08333329999999,5
1303,Ilocano,16.0,121.0,5
1304,Ixil,15.5,-91.0,2
1305,Kadazan,5.916666667,117.16666670000001,6
1306,Kagulu,-6.333333333,37.0,2
1307,Kalispel,48.0,-117.0,4
1308,Karimojong,3.0,34.16666667,4
1309,Kokota,-8.0,159.1333333,4
1310,Koreguaje,1.0,-75.5,5
1311,Kuot,-3.05,151.5,4
1312,Kyuquot,50.16666667,-127.16666670000001,3
1313,Lamang,11.25,13.58333333,4
1314,Longgu,-9.75,160.66666669999998,5
1315,Machiguenga,-12.0,-72.66666667,4
1316,Majang,6.75,35.0,3
1317,Mam,15.0,-91.83333333,7
1318,Mamanwa,9.416666667000001,125.5,4
1319,Manobo (Western Bukidnon),7.666666667,124.75,6
1320,Marquesan,-8.916666667000001,-140.08333330000002,4
1321,Mbole,-0.666666667,24.66666667,3
1322,Mixtec (Jicaltepec),16.33333333,-98.0,4
1323,Mixtec (Ocotepec),17.16666667,-97.75,5
1324,Mixtec (Peñoles),17.08333333,-96.91666667,6
1325,Mpongwe,-1.25,9.5,3
1326,Musqueam,49.16666667,-123.0,3
1327,Nahuatl (Huasteca),22.0,-99.0,5
1328,Nias,1.0,97.75,6
1329,Niuafo'ou,-15.56666667,-175.6166667,4
1330,Niuean,-19.05,-170.1166667,6
1331,Podoko,11.0,14.08333333,3
1332,Pokot,1.5,35.5,3
1333,Quileute,47.91666667,-124.25,5
1334,Roviana,-8.25,157.33333330000002,4
1335,Rumsien,36.83333333,-121.75,2
1336,Sahaptin (Northern),46.5,-120.0,3
1337,Shompen,7.0,93.75,1
1338,Simeulue,2.5,96.25,3
1339,Sipakapense,15.25,-91.75,4
1340,Tamashek,20.0,-2.0,5
1341,Tatana',5.5,115.5,4
1342,Taushiro,-3.25,-75.5,1
1343,Tboli,6.166666667,124.5,6
1344,Tennet,4.416666667,32.5,4
1345,Teso,1.8333333330000001,33.83333333,5
1346,Timugon,5.0,116.0,4
1347,Tuareg (Air),19.0,9.0,2
1348,Tuareg (Ghat),25.0,10.16666667,3
1349,Tzotzil,16.5,-92.66666667,5
1350,Warrnambool,-38.25,142.5,3
1351,Welsh,52.0,-3.0,8
1352,Welsh (Colloquial),52.75,-3.5833,1
1353,Zapotec (Isthmus),16.416667,-95.0,7
1354,Zapotec (Mitla),16.8,-96.25,5
1355,Zapotec (Yatzachi),17.2,-96.2,4
1356,Zapotec (Zoogocho),17.25,-96.25,4
1357,Aari,6.0,36.58333333,2
1358,Abau,-4.0,141.25,2
1359,Abui,-8.25,124.66666670000001,3
1360,Achang,25.0,98.5,1
1361,Achuar,-2.66667,-76.0,2
1362,Adang,-8.2,124.0,4
1363,Aekyom,-5.75,141.41666669999998,2
1364,Akha,21.83333333,99.83333333,5
1365,Ala'ala,-8.916666667000001,146.75,3
1366,Ama,-4.216666667,141.6166667,1
1367,Amanab,-3.583333333,141.25,3
1368,Ambulas,-3.833333333,143.0,3
1369,Amdo (Themchen),38.0,98.0,1
1370,Anamuxra,-4.666666667,145.0,3
1371,Angami,25.66666667,94.5,4
1372,Anggor,-3.75,141.16666669999998,3
1373,Anong,27.33333333,98.75,3
1374,Armenian (Western),38.5,43.5,3
1375,Athpare,27.0,87.33333333,3
1376,Awa,-6.666666667,145.75,3
1377,Baruya,-6.916666667,145.91666669999998,2
1378,Belhare,26.96666667,87.3,1
1379,Bhojpuri,26.0,84.0,3
1380,Biloxi,30.5,-88.66666667,5
1381,Binandere,-8.25,148.0,2
1382,Boko,10.5,3.5,5
1383,Bongu,-5.5,145.91666669999998,2
1384,Busa,9.666666667000001,4.0,3
1385,Camling,27.0,86.66666667,1
1386,Canamarí,-6.5,-68.5,4
1387,Carib (De'kwana),5.5,-65.0,4
1388,Cashibo,-8.5,-75.5,4
1389,Catawba,35.5,-80.5,4
1390,Chaha,8.112935,37.93267,2
1391,Chang,26.33333333,94.75,1
1392,Chin (Mara),23.0,93.16666667,4
1393,Chin (Siyin),23.83333333,94.0,2
1394,Chipaya,-18.75,-67.83333333,3
1395,Cholón,-8.0,-77.5,2
1396,Coahuilteco,28.0,-100.0,2
1397,Crow,47.0,-108.0,4
1398,Cupeño,33.16666667,-116.5,5
1399,Dargwa,42.25,47.41666667,2
1400,Darma,30.0,79.75,1
1401,Dhaasanac,4.666666667,36.33333333,3
1402,Dharumbal,-22.75,150.5,2
1403,Dhimal,26.66666667,87.75,1
1404,Dhivehi,4.166666667,73.5,2
1405,Dla (Menggwa),-3.55,141.0333333,1
1406,Donno So,14.33333333,-3.583333333,4
1407,Dulong,28.0,98.33333333,2
1408,Dumi,27.25,86.66666667,1
1409,Duna,-5.5,142.5,2
1410,Dâw,-0.25,-67.08333333,3
1411,Edolo,-6.166666667,142.66666669999998,2
1412,Eipo,-4.333333333,140.08333330000002,3
1413,Emberá (Northern),6.833333333,-77.16666667,4
1414,Ese Ejja,-11.0,-66.0,6
1415,Eudeve,29.16666667,-109.66666670000001,3
1416,Folopa,-7.0,144.5,1
1417,Fore,-6.75,145.5,2
1418,Gamo,6.666666667,37.25,2
1419,Gapapaiwa,-9.75,149.83333330000002,2
1420,Gavião,-10.66666667,-62.0,5
1421,Golin,-6.333333333,144.75,3
1422,Gondi,19.0,81.0,2
1423,Gurung,28.33333333,84.33333333,1
1424,Gyarong (Cogtse),31.5,102.0,2
1425,Hanga Hundi,-3.833333333,142.91666669999998,1
1426,Haruai,-5.083333333,144.16666669999998,2
1427,Hidatsa,47.0,-102.5,5
1428,Hmar,24.16666667,93.0,2
1429,Ho,22.0,86.0,2
1430,Huichol,22.0,-104.0,4
1431,Hup,0.166666667,-69.25,5
1432,Iduna,-9.333333332999999,150.25,3
1433,Jamsay,14.41666667,-2.5,4
1434,Jeli,9.5,-5.666666667,3
1435,Kabardian,43.5,43.5,3
1436,Kabatei,36.75,49.41666667,1
1437,Kaki Ae,-8.0,145.83333330000002,4
1438,Kalam,-5.25,144.58333330000002,4
1439,Kalmyk,44.0,83.0,4
1440,Kaluli,-6.5,142.75,2
1441,Kamasau,-3.916666667,143.66666669999998,3
1442,Kamass,52.0,92.0,2
1443,Kanoê,-13.25,-61.0,3
1444,Kanum (Bädi),-8.833333332999999,140.75,2
1445,Karajá,-10.0,-50.33333333,2
1446,Karakalpak,43.0,60.0,2
1447,Karkar-Yuri,-3.75,141.08333330000002,3
1448,Karó (Arára),-10.33333333,-62.0,4
1449,"Kati (in West Papua, Indonesia)",-5.75,140.91666669999998,3
1450,Kayabí,-11.0,-55.5,4
1451,Kemant,12.66666667,37.41666667,3
1452,Khalaj,35.0,50.0,2
1453,Khaling,27.5,86.66666667,2
1454,Kham (Dege),31.83333333,98.58333333,2
1455,Kham (Tibetan) (Nangchen),32.5,96.5,2
1456,Khinalug,41.16666667,48.08333333,1
1457,Khowar,36.0,72.0,1
1458,Kinnauri,31.5,78.0,2
1459,Koiali (Mountain),-9.0,147.5,3
1460,Koita,-9.333333332999999,147.08333330000002,3
1461,Kolami,20.0,78.5,3
1462,Koluri,37.0,48.0,1
1463,Kombai,-5.583333333,140.0,3
1464,Konkow,39.5,-121.5,2
1465,Korowai,-5.25,140.0,1
1466,Koyukon,65.0,-155.0,4
1467,Krenak,-15.5,-41.0,2
1468,Kryz,41.08333333,48.0,1
1469,Kuikúro,-12.41666667,-53.08333333,1
1470,Kulung,27.5,87.0,1
1471,Kumauni,30.0,80.0,2
1472,Kuvi,18.75,82.66666667,3
1473,Kwomtari,-3.5,141.5,3
1474,Kxoe,-17.5,22.5,1
1475,Kyirong,28.41666667,85.33333333,2
1476,Lai,22.66666667,93.66666667,3
1477,Lalo,25.0,100.25,4
1478,Lamani,17.0,77.0,3
1479,Lengua,-22.5,-59.0,1
1480,Lisu,26.0,98.0,5
1481,Lule,-28.0,-64.0,1
1482,Magar,28.0,83.0,1
1483,Maklew,-7.666666667,139.41666669999998,2
1484,Mandan,46.5,-102.5,3
1485,Mandinka (Gambian),13.41666667,-16.0,4
1486,Maninka (Western),13.0,-11.0,6
1487,Mano,7.0,-9.0,4
1488,Mansi,62.0,62.0,3
1489,Margany,-27.0,144.5,4
1490,Maringarr,-14.25,130.0,3
1491,Maru,23.5,98.5,4
1492,Matis,-4.416666667,-70.25,3
1493,Matsés,-5.416666667,-73.25,3
1494,Mauka,8.333333332999999,-7.5,5
1495,Mekens,-12.5,-61.5,4
1496,Mekeo,-8.333333332999999,146.5,2
1497,Menya,-7.25,146.0,3
1498,Meryam Mir,-9.916666667000001,144.08333330000002,3
1499,Mian,-4.75,141.5,3
1500,Miisiirii,13.5,22.0,2
1501,Minaveha,-9.6,150.4666667,2
1502,Mixe (Coatlán),16.91666667,-95.66666667,3
1503,Mochica,-7.5,-79.33333333,1
1504,Mombum,-8.25,138.75,2
1505,Momu,-3.0,141.58333330000002,1
1506,Moni,-3.666666667,137.0,2
1507,Mono (in United States),38.0,-119.0,4
1508,Moraori,-8.583333332999999,140.66666669999998,2
1509,Motu,-9.333333332999999,147.0,5
1510,Muisca,5.0,-74.0,3
1511,Nabak,-6.416666667,147.0,3
1512,Naga (Mao),25.5,94.33333333,3
1513,Nai,-3.7166666669999997,141.2666667,1
1514,Namia,-3.833333333,141.75,3
1515,Nanerge,11.75,-5.0,2
1516,Nankina,-5.783333333,146.45,3
1517,Nar-Phu,28.66666667,84.25,2
1518,Nevome,31.0,-112.5,3
1519,Ngaanyatjarra,-26.0,126.5,4
1520,Nisenan,39.0,-121.0,2
1521,Nocte,27.0,95.5,3
1522,Nubian (Kunuz),23.0,33.0,3
1523,Oksapmin,-5.166666667,142.16666669999998,2
1524,Omaha,42.0,-97.25,3
1525,Ordos,39.0,109.0,1
1526,Orok,49.5,143.5,2
1527,Orokaiva,-8.833333332999999,148.25,4
1528,Orya,-2.75,139.83333330000002,3
1529,Osage,37.0,-94.0,5
1530,Owininga,-4.5,141.75,1
1531,Panjabi,31.0,74.0,4
1532,Pattani,32.75,76.75,2
1533,Pawnee,41.0,-98.66666667,2
1534,Piapoco,4.0,-69.5,2
1535,Piaroa,5.0,-67.0,3
1536,Piro,-11.0,-73.5,5
1537,Pisa,-5.166666667,139.16666669999998,2
1538,Pomo (Eastern),39.0,-122.66666670000001,4
1539,Pomo (Northern),39.33333333,-123.5,1
1540,Prasuni,35.5,71.0,2
1541,Pumi,28.0,101.0,3
1542,Pungupungu,-13.5,130.4166667,3
1543,Qafar,12.0,42.0,3
1544,Qiang,32.0,102.66666670000001,3
1545,Ralte,23.75,92.75,2
1546,Rao,-4.75,144.5,3
1547,Rawang,27.5,97.5,5
1548,Retuarã,-0.5,-70.66666667,5
1549,Rumu,-7.166666667,144.25,3
1550,Runga,10.33333333,21.0,3
1551,Rutul,41.5,47.41666667,1
1552,Santa,31.5,107.5,2
1553,Sarcee,52.5,-116.0,4
1554,Sare,-4.5,143.16666669999998,1
1555,Savi,35.0,71.5,1
1556,Secoya,-0.333333333,-76.0,2
1557,Seme,11.0,-4.916666667,3
1558,Seminole,33.0,-84.0,3
1559,Seri,29.0,-112.0,3
1560,Sherpa,27.75,86.83333333,2
1561,Shina,36.0,74.0,2
1562,Siane,-6.083333333,145.2,4
1563,Sidaama,6.666666667,38.5,2
1564,Sikkimese,27.83333333,88.5,3
1565,Sinaugoro,-9.833333332999999,147.83333330000002,4
1566,Siroi,-5.5,146.0,4
1567,Soddo,8.5,38.5,1
1568,Southern Toussian,11.0,-4.666666667,2
1569,Suki,-8.0,141.75,1
1570,Sungor,13.75,21.5,2
1571,Tabare,-6.083333333,145.0,3
1572,Tairora,-6.5,146.0,3
1573,Takia,-4.666666667,146.0,3
1574,Talysh (Southern),37.0,49.0,1
1575,Tanacross,63.5,-143.5,4
1576,Tapieté,-19.75,-61.66666667,4
1577,Tarahumara (Western),27.5,-108.0,3
1578,Tariana,1.0,-69.16666667,3
1579,Tasmanian,-42.16666667,146.5,2
1580,Tati (Southern),36.0,49.66666667,1
1581,Ternate,0.833333333,127.25,1
1582,Thangmi,27.75,86.0,1
1583,Thulung,27.41666667,86.5,2
1584,Tibetan (Dingri),28.5,86.5,2
1585,Tibetan (Modern Literary),29.83333333,91.5,4
1586,Tibetan (Shigatse),29.0,89.0,2
1587,Tiriyo,3.25,-55.75,2
1588,Tobati,-2.583333333,140.66666669999998,3
1589,Tobelo,1.5,128.5,2
1590,Torwali,34.25,72.0,2
1591,Tsafiki,-1.0,-79.33333333,3
1592,Tsez,42.25,45.75,3
1593,Tshangla,27.83333333,92.16666667,2
1594,Tsova-Tush,42.5,45.5,2
1595,Tunebo,6.75,-72.25,2
1596,Turkmen,40.0,58.0,2
1597,Tutelo,37.66666667,-78.75,1
1598,Tyeraity,-13.0,130.3333333,2
1599,Tümpisa Shoshone,37.0,-117.0,4
1600,Ubykh,43.66666667,39.66666667,2
1601,Urarina,-4.5,-75.5,4
1602,Urdu,25.0,67.0,2
1603,Usarufa,-6.416666667,145.58333330000002,1
1604,Vai,6.916666667,-11.25,5
1605,Wakhi,36.5,72.0,2
1606,Wambule,29.25,85.91666667,1
1607,Wan,7.833333333,-5.8666666670000005,3
1608,Wayampi,1.0,-52.0,4
1609,Wedau,-10.16666667,150.16666669999998,3
1610,Wogamusin,-4.25,142.33333330000002,2
1611,Wolaytta,6.833333333,37.75,2
1612,Womo,-2.916666667,141.83333330000002,3
1613,Xasonga,14.25,-10.5,2
1614,Xavánte,-15.0,-52.5,1
1615,Xerénte,-10.0,-48.16666667,3
1616,Yale (Kosarek),-4.083333333,139.5,2
1617,Yamphu,27.58333333,87.33333333,1
1618,Yaqay,-6.583333333,139.25,1
1619,Yaygir,-29.66666667,153.0,1
1620,Yei,-7.916666667,140.91666669999998,2
1621,Yi (Wuding-Luquan),25.5,102.5,3
1622,Yurimangí,3.833333333,-77.0,2
1623,Zayse,5.916666667,37.33333333,4
1624,rGyalrong (Caodeng),31.66666667,101.75,2
1625,Émérillon,3.166666667,-52.41666667,3
1626,Ömie,-9.05,148.08333330000002,3
1627,Arbore,5.0,36.75,2
1628,Arrernte (Western),-24.0,132.5,2
1629,Bafia,5.0,11.16666667,2
1630,Barupu,-3.083333333,142.08333330000002,4
1631,Basari,12.66666667,-13.0,2
1632,Benga,1.166666667,9.416666667000001,1
1633,Bulu,3.0,11.0,2
1634,Chaldean (Modern),36.0,43.0,2
1635,I'saka,-2.833333333,141.2833333,3
1636,Kairiru,-3.333333333,143.58333330000002,3
1637,Kanembu,14.0,15.0,1
1638,Kanyok,-7.333333333,23.58333333,2
1639,Katu,15.83333333,107.58333329999999,3
1640,Kuuk Thaayorre,-14.58333333,141.83333330000002,3
1641,Kwami,10.41666667,11.0,2
1642,Laragia,-12.66666667,130.8333333,3
1643,Luwo,8.0,28.0,3
1644,Mango,8.75,17.0,2
1645,Mentawai,-1.5,99.0,2
1646,Mixtec (Atatlahuca),17.0,-97.75,2
1647,Mundani,5.666666667,9.916666667000001,2
1648,Munzombo,3.0,18.41666667,1
1649,Nande,-0.083333333,29.16666667,2
1650,Neo-Aramaic (Arbel Jewish),36.3833,44.0,3
1651,Ngalkbun,-13.5,134.83333330000002,2
1652,Oromo (Waata),-3.333333333,39.83333333,3
1653,Rashad,11.83333333,31.05,3
1654,Sa'a,-9.616666667,161.45,2
1655,Sila,12.33333333,21.75,3
1656,Tunen,4.75,10.66666667,4
1657,Tuvaluan,-8.5,179.16666669999998,4
1658,Vafsi,34.66666667,49.91666667,2
1659,Vili,-5.5,14.0,2
1660,Yansi,-3.833333333,18.0,1
1661,Zenaga,17.33333333,-16.0,1
1662,Adyghe (Abzakh),45.23333333,40.58333333,2
1663,Atacameño,-23.0,-69.0,1
1664,Awyi,-2.916666667,140.58333330000002,1
1665,Baham,-3.166666667,132.6666667,1
1666,Bangime,14.91666667,-3.833333333,1
1667,Baragaunle,28.83333333,83.83333333,1
1668,Bemba,-10.0,28.25,2
1669,Berber (Siwa),29.16666667,25.5,1
1670,Beria,16.0,23.0,3
1671,Bisu,19.75,100.0,2
1672,Buin,-6.75,155.75,2
1673,Bujeba,3.0,10.16666667,1
1674,Bunan,32.5,77.0,2
1675,Carapana,0.833333333,-70.75,2
1676,Chambri,-4.166666667,143.08333330000002,1
1677,Cuiba,6.5,-70.0,4
1678,Dimasa,25.5,93.0,2
1679,Dime,6.166666667,36.25,2
1680,Elseng,-3.0,140.5,1
1681,Foe,-6.5,143.5,1
1682,Gugada,-30.0,134.0,3
1683,Guhu-Samane,-8.0,147.33333330000002,2
1684,Hamtai,-7.5,146.25,2
1685,Hawrami,35.75,45.5,1
1686,Hualapai,35.5,-113.75,2
1687,Innamincka,-27.75,140.75,3
1688,Jabutí,-12.25,-62.25,1
1689,Jad,30.83333333,79.0,1
1690,Jarawa (in Andamans),12.0,92.58333333,1
1691,Jino,22.0,101.0,1
1692,Kambot,-4.25,144.1333333,2
1693,Kami,-6.75,38.0,1
1694,Kiliwa,31.33333333,-115.66666670000001,3
1695,Kire,-4.25,144.75,2
1696,Krahô,-8.0,-48.0,2
1697,Kuman,-5.916666667,145.0,2
1698,Kuuku Ya'u,-12.58333333,143.08333330000002,1
1699,Kwerba,-2.25,138.5,2
1700,Kyaka,-5.55,144.08333330000002,1
1701,Luyia,0.41666666700000005,34.5,1
1702,Makasae,-8.666666667000001,126.5,2
1703,Mambwe,-9.083333332999999,31.16666667,1
1704,Matngele,-13.83333333,130.4166667,2
1705,Mehek,-3.75,142.5,1
1706,Miju,29.0,96.0,2
1707,Miri (Hill):,27.91666667,93.83333333,1
1708,Naga (Zeme),25.16666667,93.5,1
1709,Natchez,31.75,-91.33333333,2
1710,Nend,-5.0,144.91666669999998,1
1711,Ngadjumaja,-32.33333333,123.83333329999999,2
1712,Nuosu,28.0,103.0,2
1713,Nusu,26.75,99.0,1
1714,Nyamkad,32.0,78.5,2
1715,Nyiha,-10.0,33.0,1
1716,Rawa,-5.833333333,146.0,2
1717,Sena,-18.0,35.25,1
1718,Soninke,15.0,-10.5,3
1719,Spitian,32.25,78.0,1
1720,Tabla,-2.45,140.41666669999998,2
1721,Tarao,24.25,94.16666667,2
1722,Tenyer,10.66666667,-4.5,2
1723,Thadou,24.41666667,93.91666667,1
1724,Tibetan (Drokpa),32.25,81.25,1
1725,Tsogo,-1.5,11.33333333,2
1726,Wagiman,-14.0,131.25,2
1727,Wik Ngathana,-13.91666667,141.5,1
1728,Yaminahua,-8.0,-73.0,2
1729,Zazaki,39.0,41.0,4
1730,Betoi,7.166666667,-71.25,2
1731,Bularnu,-21.0,138.0,2
1732,Huitoto (Minica),-0.333333333,-74.0,4
1733,Kayapó,-9.0,-52.0,2
1734,Sharanahua,-11.0,-70.0,2
1735,Tarahumara (Central),27.5,-107.5,3
1736,Tigrinya,14.5,38.5,2
1737,Warluwara,-22.0,138.5,3
1738,Balti,35.0,76.0,3
1739,Betta Kurumba,11.5,76.75,1
1740,Gimira,7.0,35.75,2
1741,Tucano,0.5,-69.16666667,2
1742,Huitoto (Muinane),-2.416666667,-71.0,2
1743,Bozo (Tigemaxo),15.0,-4.0,1
1744,Dullay (Gollango),5.5,37.25,1
1745,Guduf,11.23333333,13.8,1
1746,Konda,19.5,83.0,1
1747,Maale,6.0,36.91666667,1
1748,Madurese,-7.0,113.5,1
1749,Nagatman,-3.75,141.5,3
1750,Paita,-22.08333333,166.5,1
1751,Wirangu,-32.0,134.0,2
1752,Zapotec (Quiegolani),16.16666667,-96.08333333,1
1753,Godié,5.416666667,-5.833333333,2
1754,Pomo (Central),39.0,-123.33333329999999,1
1755,Taiap,-4.083333333,144.5,1
1756,Yazgulyam,38.5,71.5,1
1757,Chorote,-22.5,-62.5,3
1758,Ono,-6.166666667,147.58333330000002,2
1759,Popoloca (San Juan Atzingo),18.16666667,-96.41666667,2
1760,Totonac (Papantla),20.33333333,-97.33333333,4
1761,Tuyuca,0.5,-70.08333333,3
1762,Yaruro,7.0,-68.0,1
1763,Chehalis (Upper),46.58333333,-123.0,2
1764,Abaza,44.0,42.0,1
1765,Baluchi,28.0,62.0,1
1766,Ghulfan,12.0,31.0,1
1767,Gola,7.25,-10.83333333,1
1768,Gurenne,10.83333333,-0.916666667,1
1769,Haitian Creole,19.0,-72.5,1
1770,Kickapoo,42.25,-84.0,2
1771,Koranko,9.333333332999999,-11.25,1
1772,Laz,41.5,41.5,1
1773,Lonwolwol,-16.21666667,168.0,2
1774,Mojave,34.66666667,-114.58333329999999,2
1775,Nambas (Big),-16.08333333,167.2,1
1776,Pamona,-1.75,120.83333329999999,1
1777,Papiamentu,12.25,-69.0,1
1778,Sahaptin (Umatilla),45.66666667,-118.5,3
1779,Seychelles Creole,-4.75,55.5,1
1780,Sranan,5.833333333,-55.33333333,1
1781,Votic,59.5,30.0,1
1782,Waunana,4.0,-77.0,1
1783,Yavapai,34.0,-113.33333329999999,2
1784,Berbice Dutch Creole,5.333333333,-58.0,1
1785,Nigerian Pidgin,6.5,3.333333333,1
1786,'Are'are,-9.25,161.16666669999998,1
1787,Abenaki (Western),44.0,-72.25,1
1788,Afrikaans,-31.0,22.0,1
1789,Aguaruna,-5.0,-78.0,1
1790,Ahtna,62.0,-145.0,1
1791,Algonquin,46.0,-77.0,1
1792,Alutiiq,57.0,-157.0,1
1793,Amarakaeri,-12.5,-70.5,2
1794,Apache (Chiricahua),33.25,-108.0,1
1795,Apache (Jicarilla),36.58333333,-104.0,1
1796,Arikara,45.5,-100.5,1
1797,Baale,6.5,34.5,1
1798,Bahnar,13.83333333,108.33333329999999,1
1799,Bandjalang (Casino),-28.91666667,153.0,1
1800,Baniva,5.26,-67.56,1
1801,Barí,9.0,-73.0,1
1802,Beng,7.833333333,-4.25,1
1803,Binukid,8.25,124.83333329999999,1
1804,Bora,-2.166666667,-72.33333333,1
1805,Boruca,8.833333332999999,-83.25,1
1806,Cabécar,9.75,-83.41666667,1
1807,Campa Pajonal Asheninca,-10.66666667,-74.25,1
1808,Carolinian,15.2,145.75,1
1809,Carrier,53.75,-123.5,1
1810,Catio,7.166666667,-76.33333333,1
1811,Chatino (Tataltepec),16.16666667,-97.58333333,1
1812,Cheyenne,47.0,-95.0,1
1813,Chicomuceltec,15.5,-92.25,1
1814,Chimila,10.0,-74.0,1
1815,Chinantec (San Felipe Usila),17.91666667,-96.5,1
1816,Chiriguano,-23.66666667,-64.33333333,1
1817,Chol,17.75,-92.5,1
1818,Chontal (Highland),16.25,-95.75,2
1819,Chumash (Ineseño),34.66666667,-120.25,2
1820,Chuukese,7.333333333,151.75,1
1821,Clallam,48.08333333,-123.75,1
1822,Cogui,11.0,-73.83333333,1
1823,Colac,-38.33333333,143.5,1
1824,Cuicatec,17.83333333,-96.83333333,1
1825,Cuitlatec,17.5,-101.0,1
1826,Curripaco,2.5,-68.5,1
1827,Dakota,45.0,-93.5,1
1828,Degexit'an,62.0,-160.0,1
1829,Diola-Kasa,12.5,-16.75,1
1830,Dumagat (Casiguran),16.33333333,122.0,1
1831,Enga,-5.5,143.66666669999998,1
1832,Eyak,60.5,-145.0,1
1833,Fox,43.0,-83.0,1
1834,Gade,8.666666667000001,7.416666667,1
1835,Greenlandic (East),65.0,-40.0,1
1836,Guana,-22.0,-58.0,1
1837,Guanano,0.833333333,-69.5,1
1838,Guayabero,2.833333333,-72.0,1
1839,Gurma,12.25,1.0,1
1840,Huambisa,-4.0,-78.0,1
1841,Illinois,40.0,-90.0,1
1842,Inuktitut (Quebec-Labrador),62.0,-73.0,1
1843,Itawis,17.75,121.5,1
1844,Ixcatec,17.83333333,-97.16666667,1
1845,Kalanga,-20.5,27.5,1
1846,Kangiryuarmiut,68.33333333,-133.75,1
1847,Kanjobal (Eastern),15.33333333,-91.66666667,1
1848,Kanjobal (Western),15.83333333,-91.83333333,1
1849,Kankanay,16.75,120.58333329999999,1
1850,Kapingamarangi,1.05,154.75,1
1851,Karipuna (Panoan),-10.0,-65.0,1
1852,Kazakh,50.0,70.0,1
1853,Kituba,-5.0,17.5,1
1854,Kumyk,43.0,47.33333333,1
1855,Kutchin,67.0,-146.0,1
1856,Lau,-9.583333332999999,161.5,1
1857,Lushootseed,48.0,-122.0,1
1858,Macaguán,6.5,-71.33333333,1
1859,Macuna,-0.333333333,-70.16666667,1
1860,Mahican,42.66666667,-73.5,1
1861,Mapoyo,6.0,-67.0,1
1862,Marshallese,7.1166666670000005,171.05,1
1863,Mayangna,13.0,-84.5,1
1864,Mayo,26.0,-108.0,1
1865,Midob,15.08333333,26.25,1
1866,Miwok (Bodega),38.33333333,-123.0,1
1867,Miwok (Central Sierra),38.0,-120.33333329999999,1
1868,Miwok (Lake),38.91666667,-122.66666670000001,1
1869,Mixtec (Chayuco),16.41666667,-97.83333333,1
1870,Mixtec (San Juan Colorado),16.5,-98.0,1
1871,Mixtec (San Miguel el Grande),17.05,-97.56666667,1
1872,Moca,7.583333333,35.5,1
1873,Montagnais,52.0,-65.0,1
1874,Mopan,16.58333333,-88.66666667,1
1875,Munsee,41.5,-74.66666667,1
1876,Muyuw,-9.083333332999999,152.75,1
1877,Nahuatl (Huauchinango),20.16666667,-98.08333333,1
1878,Nahuatl (Pajapan),18.25,-94.75,1
1879,Nahuatl (Sierra de Zacapoaxtla),19.58333333,-97.33333333,1
1880,Nahuatl (Xalitla),18.0,-99.5,1
1881,Nanumea,-5.666666667,176.1166667,1
1882,Naskapi,56.0,-70.0,1
1883,Ngarluma,-20.83333333,117.5,1
1884,Nharo,-22.33333333,20.5,1
1885,Noghay,44.0,46.0,1
1886,Nomatsiguenga,-11.66666667,-74.5,1
1887,Nukak,2.5,-71.5,1
1888,Nukuoro,3.833333333,154.91666669999998,1
1889,Nyungar,-33.75,122.0,1
1890,Okanagan,49.5,-118.5,1
1891,Olutec,17.95,-95.0,1
1892,Orejón,-2.833333333,-72.5,1
1893,Oriya (Kotia),18.33333333,83.0,1
1894,Oromo (West-Central),9.0,37.0,1
1895,Otomí (Santiago Mexquititlan),20.08333333,-100.08333329999999,1
1896,Pemon,5.333333333,-62.0,1
1897,Piratapuyo,0.333333333,-69.5,1
1898,Playero,7.0,-71.0,1
1899,Popoloca (San Vicente Coyotepec),18.25,-97.83333333,1
1900,Poqomam,14.66666667,-90.5,1
1901,Powhatan,37.33333333,-76.5,1
1902,Puinave,4.0,-68.0,1
1903,Quechua (Ancash),-8.5,-77.5,1
1904,Quechua (Cajamarca),-7.0,-78.5,1
1905,Quechua (Ecuadorean),-1.0,-79.0,1
1906,Rade,13.0,108.5,1
1907,Rengao,14.58333333,107.83333329999999,1
1908,Rennellese,-11.61666667,160.25,1
1909,Roglai (Northern),12.16666667,108.83333329999999,1
1910,Salish (Samish Straits),48.58333333,-122.58333329999999,1
1911,Sayula Popoluca,17.83333333,-95.0,1
1912,Semai,4.333333333,101.66666670000001,1
1913,Shawnee,40.0,-83.0,1
1914,Siriano,0.75,-70.16666667,1
1915,Slavey,60.0,-120.0,1
1916,Slovak,49.0,20.0,2
1917,Solon,48.0,120.0,1
1918,Spokane,47.66666667,-117.75,1
1919,Tanaina,62.0,-150.0,1
1920,Tanana (Lower),65.0,-150.0,1
1921,Tangga,-3.4666666669999997,153.2,1
1922,Tatuyo,0.41666666700000005,-70.5,1
1923,Tehuelche,-48.0,-68.0,1
1924,Tewa (San Juan Pueblo),36.08333333,-106.08333329999999,1
1925,Tigré (Beni Amer),15.5,38.0,1
1926,Tojolabal,16.33333333,-91.5,1
1927,Totonac (Sierra),19.91666667,-97.41666667,1
1928,Trique (Chicahuaxtla),17.16666667,-97.83333333,1
1929,Tswana,-24.0,26.0,1
1930,Tubar,27.0,-108.0,1
1931,Tupi,-6.0,-36.0,1
1932,Tutchone (Northern),63.0,-137.0,1
1933,Tzeltal,16.83333333,-92.25,1
1934,Tzeltal (Tenejapa),16.66666667,-92.33333333,1
1935,Vedda,7.0,81.0,1
1936,Woiwurrung,-37.5,145.5,1
1937,Yahgan,-55.0,-68.0,1
1938,Yaka,-7.0,17.5,1
1939,Yorta Yorta,-36.0,146.0,1
1940,Yuki,39.66666667,-123.5,1
1941,Yuruti,1.0,-70.41666667,1
1942,Zapotec (Juárez),17.5,-96.58333333,1
1943,Zapotec (Mixtepec),16.33333333,-96.33333333,1
1944,Zoque (Francisco León),17.33333333,-93.25,1
1945,Zoque (Rayon),17.08333333,-93.0,1
1946,Bahinemo,-4.583333333,142.83333330000002,1
1947,Buglere,8.5,-81.25,1
1948,Dyimini,8.416666667000001,-4.416666667,1
1949,Kamano-Kafe,-6.25,145.66666669999998,1
1950,Mampruli,10.33333333,-0.666666667,1
1951,Sursurunga,-4.0,152.7666667,1
1952,Vasavi,24.5,71.5,1
1953,Zapotec (Texmelucan),16.5,-97.16666667,1
1954,Chinook (Upper),45.62,-121.16,1
1955,Xokleng,-24.5,-50.0,1
1956,Yupik (Naukan),66.0,-172.0,1
1957,Arakanese (Marma),21.5,92.5,1
1958,Aulua,-16.33333333,167.66666669999998,1
1959,Bamun,5.5,10.91666667,1
1960,Deutsche Gebärdensprache,52.0,11.0,1
1961,Fijian (Wayan),-17.0,177.3,1
1962,German (Viennese),48.16666667,16.33333333,1
1963,Guianese French Creole,5.0,-53.0,1
1964,Indonesian (Jakarta),-6.166666667,106.75,1
1965,Jahai,5.75,101.5,1
1966,Khumi,21.91666667,92.41666667,1
1967,Kom,6.25,10.33333333,1
1968,Lamnso',6.166666667,10.75,1
1969,Loven,15.0,106.33333329999999,1
1970,Malay (Kuala Lumpur),3.166666667,101.7,1
1971,Mbe',6.283333333,11.08333333,1
1972,Oi,14.83333333,107.16666670000001,1
1973,Spanish (Canary Islands),28.0,-15.58333333,1
1974,Yamba,6.416666667,11.08333333,1
1975,Yiddish,52.0,23.0,1
1976,Apache (Western),33.75,-110.0,1
1977,Berber (Mzab),32.5,3.5,1
1978,Boiken,-3.5,143.5,1
1979,Chaudangsi,30.0,80.25,1
1980,Dharawal,-34.5,150.5,1
1981,Domaaki,36.16666667,74.0,1
1982,Garus,-4.95,145.66666669999998,1
1983,Gujarati,23.0,72.0,1
1984,Hani,23.0,103.0,1
1985,Itelmen,57.0,157.5,1
1986,Johari,30.66666667,80.0,1
1987,Kanashi,32.08333333,77.25,1
1988,Karadjeri,-19.0,122.0,1
1989,Lhomi,27.66666667,87.41666667,2
1990,Magi,-10.33333333,149.33333330000002,1
1991,Miriwung,-15.66666667,129.0,1
1992,Nyangumarda,-20.0,121.0,1
1993,Oirat,37.5,93.0,1
1994,Rang Pas,30.33333333,79.33333333,1
1995,Rikbaktsa,-11.83333333,-57.5,1
1996,Shekhawati,28.0,75.5,1
1997,Tangbe,28.91666667,83.75,1
1998,Tsonga,-24.0,32.0,1
1999,Uru,-16.75,-69.0,1
2000,Walmatjari,-19.5,125.75,1
2001,Worora,-15.66666667,124.66666670000001,1
2002,Yelmek,-7.666666667,139.16666669999998,1
2003,Mongol (Khamnigan),49.0,117.0,2
2004,Azari (Iranian),37.5,47.0,1
2005,Deuri,26.0,90.25,1
2006,Gahuku,-6.0,145.41666669999998,1
2007,Galo,28.16666667,94.66666667,1
2008,Kachari,26.5,91.0,1
2009,Kamoro,-4.333333333,136.0,1
2010,Kusunda,28.0,84.66666667,1
2011,Mairasi,-3.5,134.0,1
2012,Mikasuki,32.0,-85.0,1
2013,Oriya,21.0,85.0,1
2014,Purki,34.66666667,76.0,1
2015,Shabo,7.583333333,35.41666667,1
2016,Uyghur,40.0,80.0,1
