,Latitude,Longitude
0,24.938023,10.255838
1,24.938023,10.255838
2,24.938023,10.255838
3,24.938023,10.255838
4,24.938023,10.255838
5,24.938023,10.255838
6,24.938023,10.255838
7,24.938023,10.255838
8,24.938023,10.255838
9,24.938023,10.255838
10,24.938023,10.255838
11,24.938023,10.255838
12,24.938023,10.255838
13,24.938023,10.255838
14,24.938023,10.255838
15,24.938023,10.255838
16,24.938023,10.255838
17,24.938023,10.255838
18,24.938023,10.255838
19,24.938023,10.255838
20,24.938023,10.255838
21,24.938023,10.255838
22,24.938023,10.255838
23,24.938023,10.255838
24,24.938023,10.255838
25,24.938023,10.255838
26,24.938023,10.255838
27,24.938023,10.255838
28,24.938023,10.255838
29,24.938023,10.255838
30,24.938023,10.255838
31,24.938023,10.255838
32,24.938023,10.255838
33,24.938023,10.255838
34,24.938023,10.255838
35,24.938023,10.255838
36,24.938023,10.255838
37,24.938023,10.255838
38,24.938023,10.255838
39,24.938023,10.255838
40,24.938023,10.255838
41,24.938023,10.255838
42,24.938023,10.255838
43,24.938023,10.255838
44,24.938023,10.255838
45,24.938023,10.255838
46,24.938023,10.255838
47,24.938023,10.255838
48,24.938023,10.255838
49,24.938023,10.255838
50,24.938023,10.255838
51,24.938023,10.255838
52,24.938023,10.255838
53,24.938023,10.255838
54,24.938023,10.255838
55,24.938023,10.255838
56,24.938023,10.255838
57,13.619792,29.482656
58,13.619792,29.482656
59,13.619792,29.482656
60,13.619792,29.482656
61,13.619792,29.482656
62,13.619792,29.482656
63,13.619792,29.482656
64,13.619792,29.482656
65,13.619792,29.482656
66,13.619792,29.482656
67,13.619792,29.482656
68,13.619792,29.482656
69,13.619792,29.482656
70,13.619792,29.482656
71,13.619792,29.482656
72,13.619792,29.482656
73,13.619792,29.482656
74,13.619792,29.482656
75,13.619792,29.482656
76,13.619792,29.482656
77,13.619792,29.482656
78,13.619792,29.482656
79,13.619792,29.482656
80,13.619792,29.482656
81,13.619792,29.482656
82,13.619792,29.482656
83,13.619792,29.482656
84,13.619792,29.482656
85,13.619792,29.482656
86,13.619792,29.482656
87,13.619792,29.482656
88,13.619792,29.482656
89,13.619792,29.482656
90,13.619792,29.482656
91,13.619792,29.482656
92,13.619792,29.482656
93,13.619792,29.482656
94,13.619792,29.482656
95,13.619792,29.482656
96,13.619792,29.482656
97,13.619792,29.482656
98,13.619792,29.482656
99,13.619792,29.482656
100,13.619792,29.482656
101,13.619792,29.482656
102,13.619792,29.482656
103,13.619792,29.482656
104,13.619792,29.482656
105,13.619792,29.482656
106,13.619792,29.482656
107,13.619792,29.482656
108,13.619792,29.482656
109,13.619792,29.482656
110,13.619792,29.482656
111,13.619792,29.482656
112,13.619792,29.482656
113,13.619792,29.482656
114,13.619792,29.482656
115,13.619792,29.482656
116,13.619792,29.482656
117,13.619792,29.482656
118,13.619792,29.482656
119,13.619792,29.482656
120,13.619792,29.482656
121,13.619792,29.482656
122,13.619792,29.482656
123,13.619792,29.482656
124,13.619792,29.482656
125,13.619792,29.482656
126,13.619792,29.482656
127,13.619792,29.482656
128,13.619792,29.482656
129,13.619792,29.482656
130,13.619792,29.482656
131,13.619792,29.482656
132,13.619792,29.482656
133,13.619792,29.482656
134,13.619792,29.482656
135,13.619792,29.482656
136,13.619792,29.482656
137,13.619792,29.482656
138,13.619792,29.482656
139,13.619792,29.482656
140,13.619792,29.482656
141,13.619792,29.482656
142,13.619792,29.482656
143,13.619792,29.482656
144,13.619792,29.482656
145,13.619792,29.482656
146,13.619792,29.482656
147,13.619792,29.482656
148,13.619792,29.482656
149,13.619792,29.482656
150,13.619792,29.482656
151,13.619792,29.482656
152,13.619792,29.482656
153,13.619792,29.482656
154,13.619792,29.482656
155,13.619792,29.482656
156,13.619792,29.482656
157,13.619792,29.482656
158,13.619792,29.482656
159,13.619792,29.482656
160,13.619792,29.482656
161,13.619792,29.482656
162,13.619792,29.482656
163,13.619792,29.482656
164,13.619792,29.482656
165,13.619792,29.482656
166,13.619792,29.482656
167,13.619792,29.482656
168,13.619792,29.482656
169,13.619792,29.482656
170,13.619792,29.482656
171,13.619792,29.482656
172,13.619792,29.482656
173,13.619792,29.482656
174,13.619792,29.482656
175,13.619792,29.482656
176,13.619792,29.482656
177,13.619792,29.482656
178,13.619792,29.482656
179,13.619792,29.482656
180,13.619792,29.482656
181,13.619792,29.482656
182,13.619792,29.482656
183,13.619792,29.482656
184,13.619792,29.482656
185,13.619792,29.482656
186,13.619792,29.482656
187,13.619792,29.482656
188,13.619792,29.482656
189,13.619792,29.482656
190,13.619792,29.482656
191,13.619792,29.482656
192,13.619792,29.482656
193,13.619792,29.482656
194,13.619792,29.482656
195,13.619792,29.482656
196,13.619792,29.482656
197,13.619792,29.482656
198,13.619792,29.482656
199,13.619792,29.482656
200,13.619792,29.482656
201,13.619792,29.482656
202,13.619792,29.482656
203,13.619792,29.482656
204,13.619792,29.482656
205,13.619792,29.482656
206,13.619792,29.482656
207,13.619792,29.482656
208,13.619792,29.482656
209,13.619792,29.482656
210,13.619792,29.482656
211,13.619792,29.482656
212,13.619792,29.482656
213,13.619792,29.482656
214,13.619792,29.482656
215,13.619792,29.482656
216,13.619792,29.482656
217,13.619792,29.482656
218,13.619792,29.482656
219,13.619792,29.482656
220,13.619792,29.482656
221,13.619792,29.482656
222,13.619792,29.482656
223,13.619792,29.482656
224,13.619792,29.482656
225,13.619792,29.482656
226,13.619792,29.482656
227,13.619792,29.482656
228,13.619792,29.482656
229,13.619792,29.482656
230,13.619792,29.482656
231,13.619792,29.482656
232,13.619792,29.482656
233,13.619792,29.482656
234,13.619792,29.482656
235,13.619792,29.482656
236,13.619792,29.482656
237,13.619792,29.482656
238,13.619792,29.482656
239,13.619792,29.482656
240,13.619792,29.482656
241,13.619792,29.482656
242,13.619792,29.482656
243,13.619792,29.482656
244,13.619792,29.482656
245,13.619792,29.482656
246,13.619792,29.482656
247,13.619792,29.482656
248,13.619792,29.482656
249,13.619792,29.482656
250,13.619792,29.482656
251,13.619792,29.482656
252,13.619792,29.482656
253,13.619792,29.482656
254,13.619792,29.482656
255,13.619792,29.482656
256,13.619792,29.482656
257,13.619792,29.482656
258,13.619792,29.482656
259,13.619792,29.482656
260,13.619792,29.482656
261,13.619792,29.482656
262,13.619792,29.482656
263,13.619792,29.482656
264,13.619792,29.482656
265,13.619792,29.482656
266,13.619792,29.482656
267,13.619792,29.482656
268,13.619792,29.482656
269,13.619792,29.482656
270,13.619792,29.482656
271,13.619792,29.482656
272,13.619792,29.482656
273,13.619792,29.482656
274,13.619792,29.482656
275,13.619792,29.482656
276,13.619792,29.482656
277,13.619792,29.482656
278,13.619792,29.482656
279,13.619792,29.482656
280,13.619792,29.482656
281,13.619792,29.482656
282,13.619792,29.482656
283,13.619792,29.482656
284,13.619792,29.482656
285,13.619792,29.482656
286,13.619792,29.482656
287,13.619792,29.482656
288,13.619792,29.482656
289,13.619792,29.482656
290,13.619792,29.482656
291,13.619792,29.482656
292,13.619792,29.482656
293,13.619792,29.482656
294,13.619792,29.482656
295,13.619792,29.482656
296,13.619792,29.482656
297,13.619792,29.482656
298,13.619792,29.482656
299,13.619792,29.482656
300,13.619792,29.482656
301,13.619792,29.482656
302,13.619792,29.482656
303,13.619792,29.482656
304,13.619792,29.482656
305,13.619792,29.482656
306,13.619792,29.482656
307,13.619792,29.482656
308,13.619792,29.482656
309,13.619792,29.482656
310,13.619792,29.482656
311,13.619792,29.482656
312,13.619792,29.482656
313,13.619792,29.482656
314,13.619792,29.482656
315,13.619792,29.482656
316,13.619792,29.482656
317,13.619792,29.482656
318,13.619792,29.482656
319,13.619792,29.482656
320,13.619792,29.482656
321,13.619792,29.482656
322,13.619792,29.482656
323,13.619792,29.482656
324,13.619792,29.482656
325,13.619792,29.482656
326,13.619792,29.482656
327,13.619792,29.482656
328,13.619792,29.482656
329,13.619792,29.482656
330,13.619792,29.482656
331,13.619792,29.482656
332,13.619792,29.482656
333,13.619792,29.482656
334,13.619792,29.482656
335,13.619792,29.482656
336,13.619792,29.482656
337,13.619792,29.482656
338,13.619792,29.482656
339,13.619792,29.482656
340,13.619792,29.482656
341,13.619792,29.482656
342,13.619792,29.482656
343,13.619792,29.482656
344,13.619792,29.482656
345,13.619792,29.482656
346,13.619792,29.482656
347,13.619792,29.482656
348,13.619792,29.482656
349,13.619792,29.482656
350,13.619792,29.482656
351,13.619792,29.482656
352,13.619792,29.482656
353,13.619792,29.482656
354,13.619792,29.482656
355,13.619792,29.482656
356,13.619792,29.482656
357,13.619792,29.482656
358,13.619792,29.482656
359,13.619792,29.482656
360,13.619792,29.482656
361,13.619792,29.482656
362,13.619792,29.482656
363,13.619792,29.482656
364,13.619792,29.482656
365,13.619792,29.482656
366,13.619792,29.482656
367,13.619792,29.482656
368,13.619792,29.482656
369,13.619792,29.482656
370,13.619792,29.482656
371,13.619792,29.482656
372,13.619792,29.482656
373,13.619792,29.482656
374,13.619792,29.482656
375,13.619792,29.482656
376,13.619792,29.482656
377,13.619792,29.482656
378,13.619792,29.482656
379,13.619792,29.482656
380,13.619792,29.482656
381,13.619792,29.482656
382,13.619792,29.482656
383,13.619792,29.482656
384,13.619792,29.482656
385,13.619792,29.482656
386,13.619792,29.482656
387,13.619792,29.482656
388,13.619792,29.482656
389,13.619792,29.482656
390,13.619792,29.482656
391,13.619792,29.482656
392,13.619792,29.482656
393,13.619792,29.482656
394,13.619792,29.482656
395,13.619792,29.482656
396,13.619792,29.482656
397,13.619792,29.482656
398,13.619792,29.482656
399,13.619792,29.482656
400,13.619792,29.482656
401,13.619792,29.482656
402,13.619792,29.482656
403,13.619792,29.482656
404,13.619792,29.482656
405,13.619792,29.482656
406,13.619792,29.482656
407,13.619792,29.482656
408,13.619792,29.482656
409,13.619792,29.482656
410,13.619792,29.482656
411,13.619792,29.482656
412,13.619792,29.482656
413,13.619792,29.482656
414,13.619792,29.482656
415,13.619792,29.482656
416,13.619792,29.482656
417,13.619792,29.482656
418,13.619792,29.482656
419,13.619792,29.482656
420,13.619792,29.482656
421,13.619792,29.482656
422,13.619792,29.482656
423,13.619792,29.482656
424,13.619792,29.482656
425,13.619792,29.482656
426,13.619792,29.482656
427,13.619792,29.482656
428,13.619792,29.482656
429,13.619792,29.482656
430,13.619792,29.482656
431,13.619792,29.482656
432,13.619792,29.482656
433,13.619792,29.482656
434,13.619792,29.482656
435,13.619792,29.482656
436,13.619792,29.482656
437,13.619792,29.482656
438,13.619792,29.482656
439,13.619792,29.482656
440,13.619792,29.482656
441,13.619792,29.482656
442,13.619792,29.482656
443,13.619792,29.482656
444,13.619792,29.482656
445,13.619792,29.482656
446,13.619792,29.482656
447,13.619792,29.482656
448,13.619792,29.482656
449,13.619792,29.482656
450,13.619792,29.482656
451,13.619792,29.482656
452,13.619792,29.482656
453,13.619792,29.482656
454,13.619792,29.482656
455,13.619792,29.482656
456,13.619792,29.482656
457,13.619792,29.482656
458,13.619792,29.482656
459,13.619792,29.482656
460,13.619792,29.482656
461,13.619792,29.482656
462,13.619792,29.482656
463,13.619792,29.482656
464,13.619792,29.482656
465,13.619792,29.482656
466,13.619792,29.482656
467,13.619792,29.482656
468,13.619792,29.482656
469,13.619792,29.482656
470,13.619792,29.482656
471,13.619792,29.482656
472,13.619792,29.482656
473,13.619792,29.482656
474,13.619792,29.482656
475,13.619792,29.482656
476,13.619792,29.482656
477,13.619792,29.482656
478,13.619792,29.482656
479,13.619792,29.482656
480,13.619792,29.482656
481,13.619792,29.482656
482,13.619792,29.482656
483,13.619792,29.482656
484,13.619792,29.482656
485,13.619792,29.482656
486,13.619792,29.482656
487,13.619792,29.482656
488,13.619792,29.482656
489,13.619792,29.482656
490,13.619792,29.482656
491,13.619792,29.482656
492,13.619792,29.482656
493,13.619792,29.482656
494,13.619792,29.482656
495,13.619792,29.482656
496,13.619792,29.482656
497,13.619792,29.482656
498,13.619792,29.482656
499,13.619792,29.482656
500,13.619792,29.482656
501,13.619792,29.482656
502,13.619792,29.482656
503,13.619792,29.482656
504,13.619792,29.482656
505,26.026125,-3.318922
506,26.026125,-3.318922
507,26.026125,-3.318922
508,26.026125,-3.318922
509,26.026125,-3.318922
510,26.026125,-3.318922
511,26.026125,-3.318922
512,26.026125,-3.318922
513,26.026125,-3.318922
514,26.026125,-3.318922
515,26.026125,-3.318922
516,26.026125,-3.318922
517,26.026125,-3.318922
518,26.026125,-3.318922
519,26.026125,-3.318922
520,26.026125,-3.318922
521,26.026125,-3.318922
522,26.026125,-3.318922
523,26.026125,-3.318922
524,26.026125,-3.318922
525,26.026125,-3.318922
526,26.026125,-3.318922
527,26.026125,-3.318922
528,26.026125,-3.318922
529,26.026125,-3.318922
530,26.026125,-3.318922
531,26.026125,-3.318922
532,26.026125,-3.318922
533,26.026125,-3.318922
534,26.026125,-3.318922
535,26.026125,-3.318922
536,26.026125,-3.318922
537,26.026125,-3.318922
538,26.026125,-3.318922
539,26.026125,-3.318922
540,26.026125,-3.318922
541,26.026125,-3.318922
542,24.554066,24.952929
543,24.554066,24.952929
544,24.554066,24.952929
545,24.554066,24.952929
546,24.554066,24.952929
547,24.554066,24.952929
548,24.554066,24.952929
549,24.554066,24.952929
550,24.554066,24.952929
551,24.554066,24.952929
552,24.554066,24.952929
553,24.554066,24.952929
554,24.554066,24.952929
555,24.554066,24.952929
556,24.554066,24.952929
557,24.554066,24.952929
558,24.554066,24.952929
559,24.554066,24.952929
560,24.554066,24.952929
561,24.554066,24.952929
562,24.554066,24.952929
563,24.554066,24.952929
564,24.554066,24.952929
565,24.554066,24.952929
566,24.554066,24.952929
567,24.554066,24.952929
568,24.554066,24.952929
569,24.554066,24.952929
570,24.554066,24.952929
571,24.554066,24.952929
572,24.554066,24.952929
573,24.554066,24.952929
574,24.554066,24.952929
575,24.554066,24.952929
576,24.554066,24.952929
577,24.554066,24.952929
578,24.554066,24.952929
579,24.554066,24.952929
580,24.554066,24.952929
581,24.554066,24.952929
582,24.554066,24.952929
583,24.554066,24.952929
584,24.554066,24.952929
585,24.554066,24.952929
586,24.554066,24.952929
587,24.554066,24.952929
588,24.554066,24.952929
589,24.554066,24.952929
590,24.554066,24.952929
591,24.554066,24.952929
592,24.554066,24.952929
593,24.554066,24.952929
594,24.554066,24.952929
595,24.554066,24.952929
596,24.554066,24.952929
597,24.554066,24.952929
598,24.554066,24.952929
599,24.554066,24.952929
600,24.554066,24.952929
601,24.554066,24.952929
602,24.554066,24.952929
603,24.554066,24.952929
604,24.554066,24.952929
605,24.554066,24.952929
606,24.554066,24.952929
607,24.554066,24.952929
608,24.554066,24.952929
609,24.554066,24.952929
610,24.554066,24.952929
611,24.554066,24.952929
612,24.554066,24.952929
613,24.554066,24.952929
614,24.554066,24.952929
615,24.554066,24.952929
616,24.554066,24.952929
617,24.554066,24.952929
618,24.554066,24.952929
619,24.554066,24.952929
620,24.554066,24.952929
621,24.554066,24.952929
622,24.554066,24.952929
623,24.554066,24.952929
624,24.554066,24.952929
625,24.554066,24.952929
626,24.554066,24.952929
627,24.554066,24.952929
628,24.554066,24.952929
629,24.554066,24.952929
630,24.554066,24.952929
631,24.554066,24.952929
632,24.554066,24.952929
633,24.554066,24.952929
634,24.554066,24.952929
635,24.554066,24.952929
636,24.554066,24.952929
637,24.554066,24.952929
638,24.554066,24.952929
639,24.554066,24.952929
640,24.554066,24.952929
641,24.554066,24.952929
642,24.554066,24.952929
643,24.554066,24.952929
644,24.554066,24.952929
645,24.554066,24.952929
646,24.554066,24.952929
647,24.554066,24.952929
648,24.554066,24.952929
649,24.554066,24.952929
650,24.554066,24.952929
651,24.554066,24.952929
652,24.554066,24.952929
653,24.554066,24.952929
654,24.554066,24.952929
655,24.554066,24.952929
656,24.554066,24.952929
657,24.554066,24.952929
658,24.554066,24.952929
659,24.554066,24.952929
660,24.554066,24.952929
661,24.554066,24.952929
662,24.554066,24.952929
663,24.554066,24.952929
664,24.554066,24.952929
665,24.554066,24.952929
666,24.554066,24.952929
667,24.554066,24.952929
668,24.554066,24.952929
669,24.554066,24.952929
670,24.554066,24.952929
671,24.554066,24.952929
672,24.554066,24.952929
673,12.09725,39.44773
674,12.09725,39.44773
675,12.09725,39.44773
676,12.09725,39.44773
677,12.09725,39.44773
678,12.09725,39.44773
679,12.09725,39.44773
680,12.09725,39.44773
681,12.09725,39.44773
682,12.09725,39.44773
683,12.09725,39.44773
684,12.09725,39.44773
685,12.09725,39.44773
686,12.09725,39.44773
687,12.09725,39.44773
688,12.09725,39.44773
689,12.09725,39.44773
690,12.09725,39.44773
691,12.09725,39.44773
692,12.09725,39.44773
693,12.09725,39.44773
694,12.09725,39.44773
695,12.09725,39.44773
696,12.09725,39.44773
697,12.09725,39.44773
698,12.09725,39.44773
699,12.09725,39.44773
700,12.09725,39.44773
701,12.09725,39.44773
702,12.09725,39.44773
703,12.09725,39.44773
704,12.09725,39.44773
705,12.09725,39.44773
706,12.09725,39.44773
707,12.09725,39.44773
708,12.09725,39.44773
709,12.09725,39.44773
710,12.09725,39.44773
711,12.09725,39.44773
712,12.09725,39.44773
713,12.09725,39.44773
714,12.09725,39.44773
715,12.09725,39.44773
716,12.09725,39.44773
717,12.09725,39.44773
718,12.09725,39.44773
719,12.09725,39.44773
720,12.09725,39.44773
721,12.09725,39.44773
722,12.09725,39.44773
723,12.09725,39.44773
724,12.09725,39.44773
725,12.09725,39.44773
726,12.09725,39.44773
727,12.09725,39.44773
728,12.09725,39.44773
729,12.09725,39.44773
730,12.09725,39.44773
731,12.09725,39.44773
732,12.09725,39.44773
733,12.09725,39.44773
734,12.09725,39.44773
735,12.09725,39.44773
736,12.09725,39.44773
737,12.09725,39.44773
738,12.09725,39.44773
739,12.09725,39.44773
740,12.09725,39.44773
741,12.09725,39.44773
742,12.09725,39.44773
743,12.09725,39.44773
744,12.09725,39.44773
745,12.09725,39.44773
746,12.09725,39.44773
747,12.09725,39.44773
748,12.09725,39.44773
749,12.09725,39.44773
750,12.09725,39.44773
751,12.09725,39.44773
752,12.09725,39.44773
753,12.09725,39.44773
754,12.09725,39.44773
755,12.09725,39.44773
756,12.09725,39.44773
757,12.09725,39.44773
758,12.09725,39.44773
759,12.09725,39.44773
760,12.09725,39.44773
761,12.09725,39.44773
762,12.09725,39.44773
763,12.09725,39.44773
764,12.09725,39.44773
765,12.09725,39.44773
766,12.09725,39.44773
767,12.09725,39.44773
768,12.09725,39.44773
769,12.09725,39.44773
770,12.09725,39.44773
771,12.09725,39.44773
772,12.09725,39.44773
773,12.09725,39.44773
774,12.09725,39.44773
775,12.09725,39.44773
776,12.09725,39.44773
777,12.09725,39.44773
778,12.09725,39.44773
779,12.09725,39.44773
780,12.09725,39.44773
781,12.09725,39.44773
782,12.09725,39.44773
783,12.09725,39.44773
784,12.09725,39.44773
785,12.09725,39.44773
786,12.09725,39.44773
787,12.09725,39.44773
788,12.09725,39.44773
789,12.09725,39.44773
790,12.09725,39.44773
791,12.09725,39.44773
792,12.09725,39.44773
793,12.09725,39.44773
794,12.09725,39.44773
795,12.09725,39.44773
796,12.09725,39.44773
797,12.09725,39.44773
798,12.09725,39.44773
799,12.09725,39.44773
800,12.09725,39.44773
801,12.09725,39.44773
802,12.09725,39.44773
803,12.09725,39.44773
804,12.09725,39.44773
805,12.09725,39.44773
806,12.09725,39.44773
807,12.09725,39.44773
808,12.09725,39.44773
809,12.09725,39.44773
810,12.09725,39.44773
811,12.09725,39.44773
812,12.09725,39.44773
813,12.09725,39.44773
814,12.09725,39.44773
815,12.09725,39.44773
816,12.09725,39.44773
817,12.09725,39.44773
818,12.09725,39.44773
819,12.09725,39.44773
820,12.09725,39.44773
821,12.09725,39.44773
822,12.09725,39.44773
823,12.09725,39.44773
824,12.09725,39.44773
825,12.09725,39.44773
826,12.09725,39.44773
827,12.09725,39.44773
828,12.09725,39.44773
829,12.09725,39.44773
830,12.09725,39.44773
831,12.09725,39.44773
832,12.09725,39.44773
833,12.09725,39.44773
834,12.09725,39.44773
835,12.09725,39.44773
836,12.09725,39.44773
837,12.09725,39.44773
838,12.09725,39.44773
839,12.09725,39.44773
840,12.09725,39.44773
841,12.09725,39.44773
842,12.09725,39.44773
843,12.09725,39.44773
844,12.09725,39.44773
845,12.09725,39.44773
846,12.09725,39.44773
847,12.09725,39.44773
848,12.09725,39.44773
849,12.09725,39.44773
850,12.09725,39.44773
851,12.09725,39.44773
852,12.09725,39.44773
853,12.09725,39.44773
854,12.09725,39.44773
855,12.09725,39.44773
856,12.09725,39.44773
857,12.09725,39.44773
858,12.09725,39.44773
859,12.09725,39.44773
860,12.09725,39.44773
861,12.09725,39.44773
862,12.09725,39.44773
863,12.09725,39.44773
864,12.09725,39.44773
865,12.09725,39.44773
866,12.09725,39.44773
867,12.09725,39.44773
868,12.09725,39.44773
869,12.09725,39.44773
870,12.09725,39.44773
871,12.09725,39.44773
872,12.09725,39.44773
873,12.09725,39.44773
874,12.09725,39.44773
875,12.09725,39.44773
876,12.09725,39.44773
877,12.09725,39.44773
878,12.09725,39.44773
879,12.09725,39.44773
880,12.09725,39.44773
881,12.09725,39.44773
882,12.09725,39.44773
883,12.09725,39.44773
884,12.09725,39.44773
885,12.09725,39.44773
886,12.09725,39.44773
887,12.09725,39.44773
888,12.09725,39.44773
889,12.09725,39.44773
890,12.09725,39.44773
891,12.09725,39.44773
892,12.09725,39.44773
893,12.09725,39.44773
894,12.09725,39.44773
895,12.09725,39.44773
896,12.09725,39.44773
897,12.09725,39.44773
898,12.09725,39.44773
899,12.09725,39.44773
900,12.09725,39.44773
901,12.09725,39.44773
902,12.09725,39.44773
903,12.09725,39.44773
904,12.09725,39.44773
905,12.09725,39.44773
906,12.09725,39.44773
907,12.09725,39.44773
908,12.09725,39.44773
909,12.09725,39.44773
910,12.09725,39.44773
911,12.09725,39.44773
912,12.09725,39.44773
913,12.09725,39.44773
914,12.09725,39.44773
915,12.09725,39.44773
916,12.09725,39.44773
917,12.09725,39.44773
918,12.09725,39.44773
919,12.09725,39.44773
920,12.09725,39.44773
921,12.09725,39.44773
922,12.09725,39.44773
923,12.09725,39.44773
924,12.09725,39.44773
925,12.09725,39.44773
926,12.09725,39.44773
927,12.09725,39.44773
928,12.09725,39.44773
929,12.09725,39.44773
930,12.09725,39.44773
931,12.09725,39.44773
932,12.09725,39.44773
933,12.09725,39.44773
934,12.09725,39.44773
935,12.09725,39.44773
936,12.09725,39.44773
937,12.09725,39.44773
938,12.09725,39.44773
939,12.09725,39.44773
940,12.09725,39.44773
941,12.09725,39.44773
942,12.09725,39.44773
943,12.09725,39.44773
944,12.09725,39.44773
945,12.09725,39.44773
946,12.09725,39.44773
947,12.09725,39.44773
948,12.09725,39.44773
949,12.09725,39.44773
950,12.09725,39.44773
951,12.09725,39.44773
952,12.09725,39.44773
953,12.09725,39.44773
954,12.09725,39.44773
955,12.09725,39.44773
956,12.09725,39.44773
957,12.09725,39.44773
958,12.09725,39.44773
959,12.09725,39.44773
960,12.09725,39.44773
961,12.09725,39.44773
962,12.09725,39.44773
963,12.09725,39.44773
964,12.09725,39.44773
965,12.09725,39.44773
966,12.09725,39.44773
967,12.09725,39.44773
968,12.09725,39.44773
969,12.09725,39.44773
970,12.09725,39.44773
971,12.09725,39.44773
972,12.09725,39.44773
973,12.09725,39.44773
974,12.09725,39.44773
975,12.09725,39.44773
976,12.09725,39.44773
977,12.09725,39.44773
978,12.09725,39.44773
979,12.09725,39.44773
980,12.09725,39.44773
981,12.09725,39.44773
982,12.09725,39.44773
983,12.09725,39.44773
984,12.09725,39.44773
985,12.09725,39.44773
986,12.09725,39.44773
987,12.09725,39.44773
988,12.09725,39.44773
989,12.09725,39.44773
990,12.09725,39.44773
991,12.09725,39.44773
992,12.09725,39.44773
993,12.09725,39.44773
994,12.09725,39.44773
995,12.09725,39.44773
996,12.09725,39.44773
997,12.09725,39.44773
998,12.09725,39.44773
999,12.09725,39.44773
1000,12.09725,39.44773
1001,12.09725,39.44773
1002,12.09725,39.44773
1003,12.09725,39.44773
1004,12.09725,39.44773
1005,12.09725,39.44773
1006,12.09725,39.44773
1007,12.09725,39.44773
1008,12.09725,39.44773
1009,12.09725,39.44773
1010,12.09725,39.44773
1011,12.09725,39.44773
1012,12.09725,39.44773
1013,12.09725,39.44773
1014,12.09725,39.44773
1015,12.09725,39.44773
1016,12.09725,39.44773
1017,12.09725,39.44773
1018,12.09725,39.44773
1019,12.09725,39.44773
1020,12.09725,39.44773
1021,12.09725,39.44773
1022,12.09725,39.44773
1023,12.09725,39.44773
1024,12.09725,39.44773
1025,12.09725,39.44773
1026,12.09725,39.44773
1027,12.09725,39.44773
1028,12.09725,39.44773
1029,12.09725,39.44773
1030,12.09725,39.44773
1031,12.09725,39.44773
1032,12.09725,39.44773
1033,12.09725,39.44773
1034,12.09725,39.44773
1035,12.09725,39.44773
1036,12.09725,39.44773
1037,12.09725,39.44773
1038,12.09725,39.44773
1039,12.09725,39.44773
1040,12.09725,39.44773
1041,12.09725,39.44773
1042,12.09725,39.44773
1043,12.09725,39.44773
1044,12.09725,39.44773
1045,12.09725,39.44773
1046,12.09725,39.44773
1047,12.09725,39.44773
1048,12.09725,39.44773
1049,12.09725,39.44773
1050,12.09725,39.44773
1051,12.09725,39.44773
1052,12.09725,39.44773
1053,12.09725,39.44773
1054,12.09725,39.44773
1055,12.09725,39.44773
1056,12.09725,39.44773
1057,12.09725,39.44773
1058,12.09725,39.44773
1059,12.09725,39.44773
1060,12.09725,39.44773
1061,12.09725,39.44773
1062,12.09725,39.44773
1063,12.09725,39.44773
1064,12.09725,39.44773
1065,12.09725,39.44773
1066,12.09725,39.44773
1067,12.09725,39.44773
1068,12.09725,39.44773
1069,12.09725,39.44773
1070,12.09725,39.44773
1071,12.09725,39.44773
1072,12.09725,39.44773
1073,12.09725,39.44773
1074,12.09725,39.44773
1075,12.09725,39.44773
1076,12.09725,39.44773
1077,12.09725,39.44773
1078,12.09725,39.44773
1079,12.09725,39.44773
1080,12.09725,39.44773
1081,12.09725,39.44773
1082,12.09725,39.44773
1083,12.09725,39.44773
1084,12.09725,39.44773
1085,12.09725,39.44773
1086,12.09725,39.44773
1087,12.09725,39.44773
1088,12.09725,39.44773
1089,12.09725,39.44773
1090,12.09725,39.44773
1091,12.09725,39.44773
1092,12.09725,39.44773
1093,12.09725,39.44773
1094,12.09725,39.44773
1095,12.09725,39.44773
1096,12.09725,39.44773
1097,12.09725,39.44773
1098,12.09725,39.44773
1099,12.09725,39.44773
1100,12.09725,39.44773
1101,12.09725,39.44773
1102,12.09725,39.44773
1103,12.09725,39.44773
1104,12.09725,39.44773
1105,12.09725,39.44773
1106,12.09725,39.44773
1107,12.09725,39.44773
1108,12.09725,39.44773
1109,12.09725,39.44773
1110,12.09725,39.44773
1111,12.09725,39.44773
1112,12.09725,39.44773
1113,12.09725,39.44773
1114,12.09725,39.44773
1115,12.09725,39.44773
1116,12.09725,39.44773
1117,12.09725,39.44773
1118,12.09725,39.44773
1119,12.09725,39.44773
1120,12.09725,39.44773
1121,12.09725,39.44773
1122,12.09725,39.44773
1123,12.09725,39.44773
1124,12.09725,39.44773
1125,12.09725,39.44773
1126,12.09725,39.44773
1127,12.09725,39.44773
1128,12.09725,39.44773
1129,12.09725,39.44773
1130,12.09725,39.44773
1131,12.09725,39.44773
1132,12.09725,39.44773
1133,12.09725,39.44773
1134,12.09725,39.44773
1135,12.09725,39.44773
1136,12.09725,39.44773
1137,12.09725,39.44773
1138,12.09725,39.44773
1139,12.09725,39.44773
1140,12.09725,39.44773
1141,12.09725,39.44773
1142,12.09725,39.44773
1143,12.09725,39.44773
1144,12.09725,39.44773
1145,12.09725,39.44773
1146,12.09725,39.44773
1147,12.09725,39.44773
1148,12.09725,39.44773
1149,12.09725,39.44773
1150,12.09725,39.44773
1151,12.09725,39.44773
1152,12.09725,39.44773
1153,12.09725,39.44773
1154,12.09725,39.44773
1155,12.09725,39.44773
1156,12.09725,39.44773
1157,12.09725,39.44773
1158,12.09725,39.44773
1159,12.09725,39.44773
1160,12.09725,39.44773
1161,12.09725,39.44773
1162,12.09725,39.44773
1163,12.09725,39.44773
1164,12.09725,39.44773
1165,12.09725,39.44773
1166,12.09725,39.44773
1167,12.09725,39.44773
1168,12.09725,39.44773
1169,12.09725,39.44773
1170,12.09725,39.44773
1171,12.09725,39.44773
1172,12.09725,39.44773
1173,12.09725,39.44773
1174,12.09725,39.44773
1175,12.09725,39.44773
1176,12.09725,39.44773
1177,12.09725,39.44773
1178,12.09725,39.44773
1179,12.09725,39.44773
1180,12.09725,39.44773
1181,12.09725,39.44773
1182,12.09725,39.44773
1183,12.09725,39.44773
1184,12.09725,39.44773
1185,12.09725,39.44773
1186,12.09725,39.44773
1187,12.09725,39.44773
1188,12.09725,39.44773
1189,12.09725,39.44773
1190,12.09725,39.44773
1191,12.09725,39.44773
1192,12.09725,39.44773
1193,12.09725,39.44773
1194,12.09725,39.44773
1195,12.09725,39.44773
1196,12.09725,39.44773
1197,12.09725,39.44773
1198,12.09725,39.44773
1199,12.09725,39.44773
1200,12.09725,39.44773
1201,12.09725,39.44773
1202,12.09725,39.44773
1203,12.09725,39.44773
1204,12.09725,39.44773
1205,12.09725,39.44773
1206,12.09725,39.44773
1207,12.09725,39.44773
1208,12.09725,39.44773
1209,12.09725,39.44773
1210,12.09725,39.44773
1211,12.09725,39.44773
1212,12.09725,39.44773
1213,12.09725,39.44773
1214,12.09725,39.44773
1215,12.09725,39.44773
1216,12.09725,39.44773
1217,12.09725,39.44773
1218,12.09725,39.44773
1219,12.09725,39.44773
1220,12.09725,39.44773
1221,12.09725,39.44773
1222,12.09725,39.44773
1223,12.09725,39.44773
1224,12.09725,39.44773
1225,12.09725,39.44773
1226,12.09725,39.44773
1227,12.09725,39.44773
1228,12.09725,39.44773
1229,12.09725,39.44773
1230,12.09725,39.44773
1231,12.09725,39.44773
1232,12.09725,39.44773
1233,12.09725,39.44773
1234,12.09725,39.44773
1235,12.09725,39.44773
1236,12.09725,39.44773
1237,12.09725,39.44773
1238,12.09725,39.44773
1239,12.09725,39.44773
1240,12.09725,39.44773
1241,12.09725,39.44773
1242,12.09725,39.44773
1243,12.09725,39.44773
1244,12.09725,39.44773
1245,12.09725,39.44773
1246,12.09725,39.44773
1247,12.09725,39.44773
1248,12.09725,39.44773
1249,12.09725,39.44773
1250,12.09725,39.44773
1251,12.09725,39.44773
1252,12.09725,39.44773
1253,12.09725,39.44773
1254,12.09725,39.44773
1255,12.09725,39.44773
1256,12.09725,39.44773
1257,12.09725,39.44773
1258,12.09725,39.44773
1259,12.09725,39.44773
1260,12.09725,39.44773
1261,12.09725,39.44773
1262,12.09725,39.44773
1263,12.09725,39.44773
1264,12.09725,39.44773
1265,12.09725,39.44773
1266,12.09725,39.44773
1267,12.09725,39.44773
1268,12.09725,39.44773
1269,12.09725,39.44773
1270,12.09725,39.44773
1271,12.09725,39.44773
1272,12.09725,39.44773
1273,12.09725,39.44773
1274,12.09725,39.44773
1275,12.09725,39.44773
1276,12.09725,39.44773
1277,12.09725,39.44773
1278,12.09725,39.44773
1279,12.09725,39.44773
1280,12.09725,39.44773
1281,12.09725,39.44773
1282,12.09725,39.44773
1283,12.09725,39.44773
1284,12.09725,39.44773
1285,12.09725,39.44773
1286,12.09725,39.44773
1287,12.09725,39.44773
1288,12.09725,39.44773
1289,12.09725,39.44773
1290,12.09725,39.44773
1291,12.09725,39.44773
1292,12.09725,39.44773
1293,12.09725,39.44773
1294,12.09725,39.44773
1295,12.09725,39.44773
1296,12.09725,39.44773
1297,12.09725,39.44773
1298,12.09725,39.44773
1299,12.09725,39.44773
1300,12.09725,39.44773
1301,12.09725,39.44773
1302,12.09725,39.44773
1303,12.09725,39.44773
1304,12.09725,39.44773
1305,12.09725,39.44773
1306,12.09725,39.44773
1307,12.09725,39.44773
1308,12.09725,39.44773
1309,12.09725,39.44773
1310,12.09725,39.44773
1311,12.09725,39.44773
1312,12.09725,39.44773
1313,12.09725,39.44773
1314,12.09725,39.44773
1315,12.09725,39.44773
1316,12.09725,39.44773
1317,12.09725,39.44773
1318,12.09725,39.44773
1319,12.09725,39.44773
1320,12.09725,39.44773
1321,12.09725,39.44773
1322,12.09725,39.44773
1323,12.09725,39.44773
1324,12.09725,39.44773
1325,12.09725,39.44773
1326,12.09725,39.44773
1327,12.09725,39.44773
1328,12.09725,39.44773
1329,12.09725,39.44773
1330,12.09725,39.44773
1331,12.09725,39.44773
1332,12.09725,39.44773
1333,12.09725,39.44773
1334,12.09725,39.44773
1335,12.09725,39.44773
1336,12.09725,39.44773
1337,12.09725,39.44773
1338,12.09725,39.44773
1339,12.09725,39.44773
1340,18.97875,15.238712
1341,18.97875,15.238712
1342,18.97875,15.238712
1343,18.97875,15.238712
1344,18.97875,15.238712
1345,18.97875,15.238712
1346,18.97875,15.238712
1347,18.97875,15.238712
1348,18.97875,15.238712
1349,18.97875,15.238712
1350,18.97875,15.238712
1351,18.97875,15.238712
1352,18.97875,15.238712
1353,18.97875,15.238712
1354,18.97875,15.238712
1355,18.97875,15.238712
1356,18.97875,15.238712
1357,18.97875,15.238712
1358,18.97875,15.238712
1359,18.97875,15.238712
1360,18.97875,15.238712
1361,18.97875,15.238712
1362,18.97875,15.238712
1363,18.97875,15.238712
1364,18.97875,15.238712
1365,18.97875,15.238712
1366,18.97875,15.238712
1367,18.97875,15.238712
1368,18.97875,15.238712
1369,18.97875,15.238712
1370,18.97875,15.238712
1371,18.97875,15.238712
1372,18.97875,15.238712
1373,18.97875,15.238712
1374,18.97875,15.238712
1375,18.97875,15.238712
1376,18.97875,15.238712
1377,18.97875,15.238712
1378,18.97875,15.238712
1379,18.97875,15.238712
1380,18.97875,15.238712
1381,18.97875,15.238712
1382,18.97875,15.238712
1383,18.97875,15.238712
1384,18.97875,15.238712
1385,18.97875,15.238712
1386,18.97875,15.238712
1387,18.97875,15.238712
1388,18.97875,15.238712
1389,18.97875,15.238712
1390,18.97875,15.238712
1391,18.97875,15.238712
1392,18.97875,15.238712
1393,18.97875,15.238712
1394,18.97875,15.238712
1395,18.97875,15.238712
1396,18.97875,15.238712
1397,18.97875,15.238712
1398,18.97875,15.238712
1399,18.97875,15.238712
1400,18.97875,15.238712
1401,18.97875,15.238712
1402,18.97875,15.238712
1403,18.97875,15.238712
1404,18.97875,15.238712
1405,18.97875,15.238712
1406,18.97875,15.238712
1407,18.97875,15.238712
1408,18.97875,15.238712
1409,18.97875,15.238712
1410,18.97875,15.238712
1411,18.97875,15.238712
1412,18.97875,15.238712
1413,18.97875,15.238712
1414,18.97875,15.238712
1415,18.97875,15.238712
1416,18.97875,15.238712
1417,18.97875,15.238712
1418,18.97875,15.238712
1419,18.97875,15.238712
1420,18.97875,15.238712
1421,18.97875,15.238712
1422,18.97875,15.238712
1423,18.97875,15.238712
1424,18.97875,15.238712
1425,18.97875,15.238712
1426,18.97875,15.238712
1427,18.97875,15.238712
1428,18.97875,15.238712
1429,18.97875,15.238712
1430,18.97875,15.238712
1431,18.97875,15.238712
1432,18.97875,15.238712
1433,18.97875,15.238712
1434,18.97875,15.238712
1435,18.97875,15.238712
1436,18.97875,15.238712
1437,18.97875,15.238712
1438,18.97875,15.238712
1439,18.97875,15.238712
1440,18.97875,15.238712
1441,18.97875,15.238712
1442,18.97875,15.238712
1443,18.97875,15.238712
1444,18.97875,15.238712
1445,18.97875,15.238712
1446,18.97875,15.238712
1447,18.97875,15.238712
1448,18.97875,15.238712
1449,18.97875,15.238712
1450,18.97875,15.238712
1451,18.97875,15.238712
1452,18.97875,15.238712
1453,18.97875,15.238712
1454,18.97875,15.238712
1455,18.97875,15.238712
1456,18.97875,15.238712
1457,18.97875,15.238712
1458,18.97875,15.238712
1459,18.97875,15.238712
1460,18.97875,15.238712
1461,18.97875,15.238712
1462,18.97875,15.238712
1463,18.97875,15.238712
1464,18.97875,15.238712
1465,18.97875,15.238712
1466,18.97875,15.238712
1467,18.97875,15.238712
1468,18.97875,15.238712
1469,18.97875,15.238712
1470,18.97875,15.238712
1471,18.97875,15.238712
1472,18.97875,15.238712
1473,18.97875,15.238712
1474,18.97875,15.238712
1475,18.97875,15.238712
1476,18.97875,15.238712
1477,18.97875,15.238712
1478,18.97875,15.238712
1479,18.97875,15.238712
1480,18.97875,15.238712
1481,18.97875,15.238712
1482,18.97875,15.238712
1483,18.97875,15.238712
1484,18.97875,15.238712
1485,18.97875,15.238712
1486,18.97875,15.238712
1487,18.97875,15.238712
1488,18.97875,15.238712
1489,18.97875,15.238712
1490,18.97875,15.238712
1491,18.97875,15.238712
1492,18.97875,15.238712
1493,18.97875,15.238712
1494,18.97875,15.238712
1495,18.97875,15.238712
1496,18.97875,15.238712
1497,18.97875,15.238712
1498,18.97875,15.238712
1499,18.97875,15.238712
1500,18.97875,15.238712
1501,18.97875,15.238712
1502,18.97875,15.238712
1503,18.97875,15.238712
1504,18.97875,15.238712
1505,18.97875,15.238712
1506,18.97875,15.238712
1507,18.97875,15.238712
1508,18.97875,15.238712
1509,18.97875,15.238712
1510,18.97875,15.238712
1511,18.97875,15.238712
1512,18.97875,15.238712
1513,18.97875,15.238712
1514,18.97875,15.238712
1515,18.97875,15.238712
1516,18.97875,15.238712
1517,18.97875,15.238712
1518,18.97875,15.238712
1519,18.97875,15.238712
1520,18.97875,15.238712
1521,18.97875,15.238712
1522,18.97875,15.238712
1523,18.97875,15.238712
1524,18.97875,15.238712
1525,18.97875,15.238712
1526,18.97875,15.238712
1527,18.97875,15.238712
1528,18.97875,15.238712
1529,18.97875,15.238712
1530,18.97875,15.238712
1531,18.97875,15.238712
1532,18.97875,15.238712
1533,18.97875,15.238712
1534,18.97875,15.238712
1535,18.97875,15.238712
1536,18.97875,15.238712
1537,18.97875,15.238712
1538,18.97875,15.238712
1539,18.97875,15.238712
1540,18.97875,15.238712
1541,18.97875,15.238712
1542,18.97875,15.238712
1543,18.97875,15.238712
1544,18.97875,15.238712
1545,18.97875,15.238712
1546,18.97875,15.238712
1547,18.97875,15.238712
1548,18.97875,15.238712
1549,18.97875,15.238712
1550,18.97875,15.238712
1551,18.97875,15.238712
1552,18.97875,15.238712
1553,18.97875,15.238712
1554,18.97875,15.238712
1555,18.97875,15.238712
1556,18.97875,15.238712
1557,18.97875,15.238712
1558,18.97875,15.238712
1559,18.97875,15.238712
1560,18.97875,15.238712
1561,18.97875,15.238712
1562,18.97875,15.238712
1563,18.97875,15.238712
1564,18.97875,15.238712
1565,18.97875,15.238712
1566,18.97875,15.238712
1567,18.97875,15.238712
1568,18.97875,15.238712
1569,18.97875,15.238712
1570,18.97875,15.238712
1571,18.97875,15.238712
1572,18.97875,15.238712
1573,18.97875,15.238712
1574,18.97875,15.238712
1575,18.97875,15.238712
1576,18.97875,15.238712
1577,18.97875,15.238712
1578,18.97875,15.238712
1579,18.97875,15.238712
1580,18.97875,15.238712
1581,18.97875,15.238712
1582,18.97875,15.238712
1583,18.97875,15.238712
1584,18.97875,15.238712
1585,18.97875,15.238712
1586,18.97875,15.238712
1587,18.97875,15.238712
1588,18.97875,15.238712
1589,18.97875,15.238712
1590,18.97875,15.238712
1591,18.97875,15.238712
1592,18.97875,15.238712
1593,18.97875,15.238712
1594,18.97875,15.238712
1595,18.97875,15.238712
1596,18.97875,15.238712
1597,18.97875,15.238712
1598,18.97875,15.238712
1599,18.97875,15.238712
1600,18.97875,15.238712
1601,18.97875,15.238712
1602,18.97875,15.238712
1603,18.97875,15.238712
1604,18.97875,15.238712
1605,18.97875,15.238712
1606,18.97875,15.238712
1607,18.97875,15.238712
1608,18.97875,15.238712
1609,18.97875,15.238712
1610,18.97875,15.238712
1611,18.97875,15.238712
1612,18.97875,15.238712
1613,18.97875,15.238712
1614,18.97875,15.238712
1615,18.97875,15.238712
1616,18.97875,15.238712
1617,18.97875,15.238712
1618,18.97875,15.238712
1619,18.97875,15.238712
1620,18.97875,15.238712
1621,18.97875,15.238712
1622,18.97875,15.238712
1623,18.97875,15.238712
1624,18.97875,15.238712
1625,18.97875,15.238712
1626,18.97875,15.238712
1627,18.97875,15.238712
1628,18.97875,15.238712
1629,18.97875,15.238712
1630,18.97875,15.238712
1631,17.857115,26.31649
1632,17.857115,26.31649
1633,17.857115,26.31649
1634,17.857115,26.31649
1635,17.857115,26.31649
1636,17.857115,26.31649
1637,17.857115,26.31649
1638,17.857115,26.31649
1639,17.857115,26.31649
1640,17.857115,26.31649
1641,17.857115,26.31649
1642,17.857115,26.31649
1643,17.857115,26.31649
1644,17.857115,26.31649
1645,17.857115,26.31649
1646,17.857115,26.31649
1647,17.857115,26.31649
1648,17.857115,26.31649
1649,17.857115,26.31649
1650,17.857115,26.31649
1651,17.857115,26.31649
1652,17.857115,26.31649
1653,17.857115,26.31649
1654,17.857115,26.31649
1655,17.857115,26.31649
1656,17.857115,26.31649
1657,17.857115,26.31649
1658,17.857115,26.31649
1659,17.857115,26.31649
1660,17.857115,26.31649
1661,17.857115,26.31649
1662,17.857115,26.31649
1663,17.857115,26.31649
1664,17.857115,26.31649
1665,17.857115,26.31649
1666,17.857115,26.31649
1667,17.857115,26.31649
1668,17.857115,26.31649
1669,17.857115,26.31649
1670,17.857115,26.31649
1671,17.857115,26.31649
1672,17.857115,26.31649
1673,17.857115,26.31649
1674,17.857115,26.31649
1675,17.857115,26.31649
1676,17.857115,26.31649
1677,17.857115,26.31649
1678,17.857115,26.31649
1679,17.857115,26.31649
1680,17.857115,26.31649
1681,17.857115,26.31649
1682,17.857115,26.31649
1683,17.857115,26.31649
1684,17.857115,26.31649
1685,17.857115,26.31649
1686,17.857115,26.31649
1687,17.857115,26.31649
1688,17.857115,26.31649
1689,17.857115,26.31649
1690,17.857115,26.31649
1691,17.857115,26.31649
1692,17.857115,26.31649
1693,17.857115,26.31649
1694,17.857115,26.31649
1695,17.857115,26.31649
1696,17.857115,26.31649
1697,17.857115,26.31649
1698,17.857115,26.31649
1699,17.857115,26.31649
1700,17.857115,26.31649
1701,17.857115,26.31649
1702,17.857115,26.31649
1703,17.857115,26.31649
1704,17.857115,26.31649
1705,17.857115,26.31649
1706,17.857115,26.31649
1707,17.857115,26.31649
1708,17.857115,26.31649
1709,17.857115,26.31649
1710,17.857115,26.31649
1711,17.857115,26.31649
1712,17.857115,26.31649
1713,17.857115,26.31649
1714,17.857115,26.31649
1715,17.857115,26.31649
1716,17.857115,26.31649
1717,17.857115,26.31649
1718,17.857115,26.31649
1719,17.857115,26.31649
1720,17.857115,26.31649
1721,17.857115,26.31649
1722,17.857115,26.31649
1723,17.857115,26.31649
1724,17.857115,26.31649
1725,17.857115,26.31649
1726,17.857115,26.31649
1727,6.3065186,29.960443
1728,6.3065186,29.960443
1729,6.3065186,29.960443
1730,6.3065186,29.960443
1731,6.3065186,29.960443
1732,6.3065186,29.960443
1733,6.3065186,29.960443
1734,6.3065186,29.960443
1735,6.3065186,29.960443
1736,6.3065186,29.960443
1737,6.3065186,29.960443
1738,6.3065186,29.960443
1739,6.3065186,29.960443
1740,6.3065186,29.960443
1741,6.3065186,29.960443
1742,6.3065186,29.960443
1743,6.3065186,29.960443
1744,6.3065186,29.960443
1745,6.3065186,29.960443
1746,6.3065186,29.960443
1747,6.3065186,29.960443
1748,6.3065186,29.960443
1749,6.3065186,29.960443
1750,6.3065186,29.960443
1751,6.3065186,29.960443
1752,6.3065186,29.960443
1753,6.3065186,29.960443
1754,6.3065186,29.960443
1755,6.3065186,29.960443
1756,6.3065186,29.960443
1757,6.3065186,29.960443
1758,6.3065186,29.960443
1759,6.3065186,29.960443
1760,6.3065186,29.960443
1761,6.3065186,29.960443
1762,6.3065186,29.960443
1763,6.3065186,29.960443
1764,6.3065186,29.960443
1765,6.3065186,29.960443
1766,6.3065186,29.960443
1767,6.3065186,29.960443
1768,6.3065186,29.960443
1769,6.3065186,29.960443
1770,6.3065186,29.960443
1771,6.3065186,29.960443
1772,6.3065186,29.960443
1773,6.3065186,29.960443
1774,6.3065186,29.960443
1775,6.3065186,29.960443
1776,6.3065186,29.960443
1777,6.3065186,29.960443
1778,6.3065186,29.960443
1779,6.3065186,29.960443
1780,6.3065186,29.960443
1781,6.3065186,29.960443
1782,6.3065186,29.960443
1783,6.3065186,29.960443
1784,6.3065186,29.960443
1785,6.3065186,29.960443
1786,6.3065186,29.960443
1787,6.3065186,29.960443
1788,6.3065186,29.960443
1789,6.3065186,29.960443
1790,6.3065186,29.960443
1791,6.3065186,29.960443
1792,6.3065186,29.960443
1793,6.3065186,29.960443
1794,6.3065186,29.960443
1795,6.3065186,29.960443
1796,6.3065186,29.960443
1797,6.3065186,29.960443
1798,6.3065186,29.960443
1799,6.3065186,29.960443
1800,6.3065186,29.960443
1801,6.3065186,29.960443
1802,6.3065186,29.960443
1803,6.3065186,29.960443
1804,6.3065186,29.960443
1805,6.3065186,29.960443
1806,6.3065186,29.960443
1807,6.3065186,29.960443
1808,6.3065186,29.960443
1809,6.3065186,29.960443
1810,6.3065186,29.960443
1811,6.3065186,29.960443
1812,6.3065186,29.960443
1813,6.3065186,29.960443
1814,6.3065186,29.960443
1815,6.3065186,29.960443
1816,6.3065186,29.960443
1817,6.3065186,29.960443
1818,6.3065186,29.960443
1819,6.3065186,29.960443
1820,6.3065186,29.960443
1821,6.3065186,29.960443
1822,6.3065186,29.960443
1823,6.3065186,29.960443
1824,6.3065186,29.960443
1825,6.3065186,29.960443
1826,6.3065186,29.960443
1827,6.3065186,29.960443
1828,6.3065186,29.960443
1829,6.3065186,29.960443
1830,6.3065186,29.960443
1831,6.3065186,29.960443
1832,6.3065186,29.960443
1833,6.3065186,29.960443
1834,6.3065186,29.960443
1835,6.3065186,29.960443
1836,6.3065186,29.960443
1837,6.3065186,29.960443
1838,6.3065186,29.960443
1839,6.3065186,29.960443
1840,6.3065186,29.960443
1841,6.3065186,29.960443
1842,6.3065186,29.960443
1843,6.3065186,29.960443
1844,6.3065186,29.960443
1845,6.3065186,29.960443
1846,6.3065186,29.960443
1847,6.3065186,29.960443
1848,6.3065186,29.960443
1849,6.3065186,29.960443
1850,6.3065186,29.960443
1851,6.3065186,29.960443
1852,6.3065186,29.960443
1853,6.3065186,29.960443
1854,6.3065186,29.960443
1855,6.3065186,29.960443
1856,6.3065186,29.960443
1857,6.3065186,29.960443
1858,6.3065186,29.960443
1859,6.3065186,29.960443
1860,6.3065186,29.960443
1861,6.3065186,29.960443
1862,6.3065186,29.960443
1863,6.3065186,29.960443
1864,6.3065186,29.960443
1865,6.3065186,29.960443
1866,6.3065186,29.960443
1867,6.3065186,29.960443
1868,6.3065186,29.960443
1869,6.3065186,29.960443
1870,6.3065186,29.960443
1871,6.3065186,29.960443
1872,6.3065186,29.960443
1873,6.3065186,29.960443
1874,6.3065186,29.960443
1875,6.3065186,29.960443
1876,6.3065186,29.960443
1877,6.3065186,29.960443
1878,6.3065186,29.960443
1879,6.3065186,29.960443
1880,6.3065186,29.960443
1881,6.3065186,29.960443
1882,6.3065186,29.960443
1883,6.3065186,29.960443
1884,6.3065186,29.960443
1885,9.997444,40.41883
1886,9.997444,40.41883
1887,9.997444,40.41883
1888,9.997444,40.41883
1889,9.997444,40.41883
1890,9.997444,40.41883
1891,9.997444,40.41883
1892,9.997444,40.41883
1893,9.997444,40.41883
1894,9.997444,40.41883
1895,9.997444,40.41883
1896,9.997444,40.41883
1897,9.997444,40.41883
1898,9.997444,40.41883
1899,9.997444,40.41883
1900,9.997444,40.41883
1901,9.997444,40.41883
1902,9.997444,40.41883
1903,9.997444,40.41883
1904,9.997444,40.41883
1905,9.997444,40.41883
1906,9.997444,40.41883
1907,9.997444,40.41883
1908,9.997444,40.41883
1909,9.997444,40.41883
1910,9.997444,40.41883
1911,9.997444,40.41883
1912,9.997444,40.41883
1913,9.997444,40.41883
1914,9.997444,40.41883
1915,9.997444,40.41883
1916,9.997444,40.41883
1917,9.997444,40.41883
1918,9.997444,40.41883
1919,9.997444,40.41883
1920,9.997444,40.41883
1921,9.997444,40.41883
1922,9.997444,40.41883
1923,9.997444,40.41883
1924,9.997444,40.41883
1925,9.997444,40.41883
1926,9.997444,40.41883
1927,9.997444,40.41883
1928,9.997444,40.41883
1929,9.997444,40.41883
1930,9.997444,40.41883
1931,9.997444,40.41883
1932,9.997444,40.41883
1933,9.997444,40.41883
1934,9.997444,40.41883
1935,9.997444,40.41883
1936,9.997444,40.41883
1937,9.997444,40.41883
1938,9.997444,40.41883
1939,9.997444,40.41883
1940,9.997444,40.41883
1941,9.997444,40.41883
1942,9.997444,40.41883
1943,9.997444,40.41883
1944,9.997444,40.41883
1945,9.997444,40.41883
1946,9.997444,40.41883
1947,9.997444,40.41883
1948,9.997444,40.41883
1949,9.997444,40.41883
1950,9.997444,40.41883
1951,9.997444,40.41883
1952,9.997444,40.41883
1953,9.997444,40.41883
1954,9.997444,40.41883
1955,9.997444,40.41883
1956,9.997444,40.41883
1957,9.997444,40.41883
1958,9.997444,40.41883
1959,9.997444,40.41883
1960,9.997444,40.41883
1961,9.997444,40.41883
1962,9.997444,40.41883
1963,9.997444,40.41883
1964,9.997444,40.41883
1965,9.997444,40.41883
1966,9.997444,40.41883
1967,9.997444,40.41883
1968,9.997444,40.41883
1969,9.997444,40.41883
1970,9.997444,40.41883
1971,9.997444,40.41883
1972,9.997444,40.41883
1973,9.997444,40.41883
1974,9.997444,40.41883
1975,9.997444,40.41883
1976,9.997444,40.41883
1977,9.997444,40.41883
1978,9.997444,40.41883
1979,9.997444,40.41883
1980,9.997444,40.41883
1981,9.997444,40.41883
1982,9.997444,40.41883
1983,9.997444,40.41883
1984,9.997444,40.41883
1985,9.997444,40.41883
1986,9.997444,40.41883
1987,9.997444,40.41883
1988,9.997444,40.41883
1989,9.997444,40.41883
1990,9.997444,40.41883
1991,9.997444,40.41883
1992,9.997444,40.41883
1993,9.997444,40.41883
1994,9.997444,40.41883
1995,9.997444,40.41883
1996,9.997444,40.41883
1997,9.997444,40.41883
1998,9.997444,40.41883
1999,9.997444,40.41883
2000,9.997444,40.41883
2001,9.997444,40.41883
2002,9.997444,40.41883
2003,9.997444,40.41883
2004,9.997444,40.41883
2005,9.997444,40.41883
2006,9.997444,40.41883
2007,9.997444,40.41883
2008,9.997444,40.41883
2009,9.997444,40.41883
2010,9.997444,40.41883
2011,9.997444,40.41883
2012,9.997444,40.41883
2013,9.997444,40.41883
2014,9.997444,40.41883
2015,9.997444,40.41883
2016,9.997444,40.41883
2017,9.997444,40.41883
2018,9.997444,40.41883
2019,9.997444,40.41883
2020,9.997444,40.41883
2021,9.997444,40.41883
2022,9.997444,40.41883
2023,9.997444,40.41883
2024,9.997444,40.41883
2025,9.997444,40.41883
2026,9.997444,40.41883
2027,9.997444,40.41883
2028,9.997444,40.41883
2029,9.997444,40.41883
2030,9.997444,40.41883
2031,9.997444,40.41883
2032,9.997444,40.41883
2033,9.997444,40.41883
2034,9.997444,40.41883
2035,9.997444,40.41883
2036,9.997444,40.41883
2037,9.997444,40.41883
2038,9.997444,40.41883
2039,9.997444,40.41883
2040,9.997444,40.41883
2041,9.997444,40.41883
2042,9.997444,40.41883
2043,9.997444,40.41883
2044,9.997444,40.41883
2045,9.997444,40.41883
2046,9.997444,40.41883
2047,9.997444,40.41883
2048,9.997444,40.41883
2049,9.997444,40.41883
2050,9.997444,40.41883
2051,9.997444,40.41883
2052,9.997444,40.41883
2053,9.997444,40.41883
2054,9.997444,40.41883
2055,9.997444,40.41883
2056,9.997444,40.41883
2057,9.997444,40.41883
2058,9.997444,40.41883
2059,9.997444,40.41883
2060,9.997444,40.41883
2061,9.997444,40.41883
2062,9.997444,40.41883
2063,9.997444,40.41883
2064,9.997444,40.41883
2065,9.997444,40.41883
2066,9.997444,40.41883
2067,9.997444,40.41883
2068,9.997444,40.41883
2069,9.997444,40.41883
2070,9.997444,40.41883
2071,9.997444,40.41883
2072,9.997444,40.41883
2073,9.997444,40.41883
2074,9.997444,40.41883
2075,9.997444,40.41883
2076,9.997444,40.41883
2077,9.997444,40.41883
2078,9.997444,40.41883
2079,9.997444,40.41883
2080,9.997444,40.41883
2081,9.997444,40.41883
2082,9.997444,40.41883
2083,9.997444,40.41883
2084,9.997444,40.41883
2085,9.997444,40.41883
2086,9.997444,40.41883
2087,9.997444,40.41883
2088,9.997444,40.41883
2089,9.997444,40.41883
2090,9.997444,40.41883
2091,9.997444,40.41883
2092,9.997444,40.41883
2093,9.997444,40.41883
2094,9.997444,40.41883
2095,9.997444,40.41883
2096,9.997444,40.41883
2097,9.997444,40.41883
2098,9.997444,40.41883
2099,9.997444,40.41883
2100,9.997444,40.41883
2101,9.997444,40.41883
2102,9.997444,40.41883
2103,9.997444,40.41883
2104,9.997444,40.41883
2105,9.997444,40.41883
2106,9.997444,40.41883
2107,9.997444,40.41883
2108,9.997444,40.41883
2109,9.997444,40.41883
2110,9.997444,40.41883
2111,9.997444,40.41883
2112,9.997444,40.41883
2113,9.997444,40.41883
2114,9.997444,40.41883
2115,9.997444,40.41883
2116,9.997444,40.41883
2117,9.997444,40.41883
2118,9.997444,40.41883
2119,9.997444,40.41883
2120,9.997444,40.41883
2121,9.997444,40.41883
2122,9.997444,40.41883
2123,9.997444,40.41883
2124,9.997444,40.41883
2125,9.997444,40.41883
2126,9.997444,40.41883
2127,9.997444,40.41883
2128,9.997444,40.41883
2129,9.997444,40.41883
2130,9.997444,40.41883
2131,9.997444,40.41883
2132,9.997444,40.41883
2133,9.997444,40.41883
2134,9.997444,40.41883
2135,9.997444,40.41883
2136,9.997444,40.41883
2137,9.997444,40.41883
2138,9.997444,40.41883
2139,9.997444,40.41883
2140,9.997444,40.41883
2141,9.997444,40.41883
2142,9.997444,40.41883
2143,9.997444,40.41883
2144,9.997444,40.41883
2145,9.997444,40.41883
2146,9.997444,40.41883
2147,9.997444,40.41883
2148,9.997444,40.41883
2149,9.997444,40.41883
2150,9.997444,40.41883
2151,9.997444,40.41883
2152,9.997444,40.41883
2153,9.997444,40.41883
2154,9.997444,40.41883
2155,9.997444,40.41883
2156,9.997444,40.41883
2157,9.997444,40.41883
2158,9.997444,40.41883
2159,9.997444,40.41883
2160,9.997444,40.41883
2161,9.997444,40.41883
2162,9.997444,40.41883
2163,9.997444,40.41883
2164,9.997444,40.41883
2165,9.997444,40.41883
2166,9.997444,40.41883
2167,9.997444,40.41883
2168,9.997444,40.41883
2169,9.997444,40.41883
2170,9.997444,40.41883
2171,9.997444,40.41883
2172,9.997444,40.41883
2173,9.997444,40.41883
2174,9.997444,40.41883
2175,9.997444,40.41883
2176,9.997444,40.41883
2177,9.997444,40.41883
2178,9.997444,40.41883
2179,9.997444,40.41883
2180,9.997444,40.41883
2181,9.997444,40.41883
2182,9.997444,40.41883
2183,9.997444,40.41883
2184,9.997444,40.41883
2185,9.997444,40.41883
2186,9.997444,40.41883
2187,9.997444,40.41883
2188,9.997444,40.41883
2189,9.997444,40.41883
2190,9.997444,40.41883
2191,9.997444,40.41883
2192,9.997444,40.41883
2193,9.997444,40.41883
2194,9.997444,40.41883
2195,9.997444,40.41883
2196,9.997444,40.41883
2197,9.997444,40.41883
2198,9.997444,40.41883
2199,9.997444,40.41883
2200,9.997444,40.41883
2201,9.997444,40.41883
2202,9.997444,40.41883
2203,9.997444,40.41883
2204,9.997444,40.41883
2205,9.997444,40.41883
2206,9.997444,40.41883
2207,9.997444,40.41883
2208,9.997444,40.41883
2209,9.997444,40.41883
2210,9.997444,40.41883
2211,9.997444,40.41883
2212,9.997444,40.41883
2213,9.997444,40.41883
2214,9.997444,40.41883
2215,9.997444,40.41883
2216,9.997444,40.41883
2217,9.997444,40.41883
2218,9.997444,40.41883
2219,9.997444,40.41883
2220,9.997444,40.41883
2221,9.997444,40.41883
2222,9.997444,40.41883
2223,9.997444,40.41883
2224,9.997444,40.41883
2225,9.997444,40.41883
2226,9.997444,40.41883
2227,9.997444,40.41883
2228,9.997444,40.41883
2229,9.997444,40.41883
2230,9.997444,40.41883
2231,9.997444,40.41883
2232,9.997444,40.41883
2233,9.997444,40.41883
2234,9.997444,40.41883
2235,9.997444,40.41883
2236,9.997444,40.41883
2237,9.997444,40.41883
2238,9.997444,40.41883
2239,9.997444,40.41883
2240,9.997444,40.41883
2241,9.997444,40.41883
2242,9.997444,40.41883
2243,9.997444,40.41883
2244,9.997444,40.41883
2245,9.997444,40.41883
2246,9.997444,40.41883
2247,9.997444,40.41883
2248,9.997444,40.41883
2249,9.997444,40.41883
2250,9.997444,40.41883
2251,9.997444,40.41883
2252,9.997444,40.41883
2253,9.997444,40.41883
2254,9.997444,40.41883
2255,9.997444,40.41883
2256,9.997444,40.41883
2257,9.997444,40.41883
2258,9.997444,40.41883
2259,9.997444,40.41883
2260,9.997444,40.41883
2261,9.997444,40.41883
2262,9.997444,40.41883
2263,9.997444,40.41883
2264,9.997444,40.41883
2265,9.997444,40.41883
2266,9.997444,40.41883
2267,9.997444,40.41883
2268,9.997444,40.41883
2269,9.997444,40.41883
2270,9.997444,40.41883
2271,9.997444,40.41883
2272,9.997444,40.41883
2273,9.997444,40.41883
2274,9.997444,40.41883
2275,9.997444,40.41883
2276,9.997444,40.41883
2277,9.997444,40.41883
2278,9.997444,40.41883
2279,9.997444,40.41883
2280,9.997444,40.41883
2281,9.997444,40.41883
2282,9.997444,40.41883
2283,9.997444,40.41883
2284,9.997444,40.41883
2285,9.997444,40.41883
2286,9.997444,40.41883
2287,9.997444,40.41883
2288,9.997444,40.41883
2289,9.997444,40.41883
2290,9.997444,40.41883
2291,9.997444,40.41883
2292,9.997444,40.41883
2293,9.997444,40.41883
2294,9.997444,40.41883
2295,9.997444,40.41883
2296,9.997444,40.41883
2297,9.997444,40.41883
2298,9.997444,40.41883
2299,9.997444,40.41883
2300,9.997444,40.41883
2301,9.997444,40.41883
2302,9.997444,40.41883
2303,9.997444,40.41883
2304,9.997444,40.41883
2305,9.997444,40.41883
2306,9.997444,40.41883
2307,9.997444,40.41883
2308,9.997444,40.41883
2309,9.997444,40.41883
2310,9.997444,40.41883
2311,9.997444,40.41883
2312,9.997444,40.41883
2313,9.997444,40.41883
2314,9.997444,40.41883
2315,9.997444,40.41883
2316,9.997444,40.41883
2317,9.997444,40.41883
2318,9.997444,40.41883
2319,9.997444,40.41883
2320,9.997444,40.41883
2321,9.997444,40.41883
2322,9.997444,40.41883
2323,9.997444,40.41883
2324,9.997444,40.41883
2325,9.997444,40.41883
2326,9.997444,40.41883
2327,9.997444,40.41883
2328,9.997444,40.41883
2329,9.997444,40.41883
2330,9.997444,40.41883
2331,9.997444,40.41883
2332,9.997444,40.41883
2333,9.997444,40.41883
2334,9.997444,40.41883
2335,9.997444,40.41883
2336,9.997444,40.41883
2337,9.997444,40.41883
2338,9.997444,40.41883
2339,9.997444,40.41883
2340,9.997444,40.41883
2341,9.997444,40.41883
2342,9.997444,40.41883
2343,9.997444,40.41883
2344,9.997444,40.41883
2345,9.997444,40.41883
2346,9.997444,40.41883
2347,9.997444,40.41883
2348,9.997444,40.41883
2349,9.997444,40.41883
2350,9.997444,40.41883
2351,9.997444,40.41883
2352,9.997444,40.41883
2353,9.997444,40.41883
2354,9.997444,40.41883
2355,9.997444,40.41883
2356,9.997444,40.41883
2357,9.997444,40.41883
2358,9.997444,40.41883
2359,9.997444,40.41883
2360,9.997444,40.41883
2361,9.997444,40.41883
2362,9.997444,40.41883
2363,9.997444,40.41883
2364,9.997444,40.41883
2365,9.997444,40.41883
2366,9.997444,40.41883
2367,9.997444,40.41883
2368,9.997444,40.41883
2369,9.997444,40.41883
2370,9.997444,40.41883
2371,9.997444,40.41883
2372,9.997444,40.41883
2373,9.997444,40.41883
2374,9.997444,40.41883
2375,9.997444,40.41883
2376,9.997444,40.41883
2377,9.997444,40.41883
2378,9.997444,40.41883
2379,9.997444,40.41883
2380,9.997444,40.41883
2381,9.997444,40.41883
2382,9.997444,40.41883
2383,9.997444,40.41883
2384,9.997444,40.41883
2385,9.997444,40.41883
2386,9.997444,40.41883
2387,9.997444,40.41883
2388,9.997444,40.41883
2389,9.997444,40.41883
2390,9.997444,40.41883
2391,9.997444,40.41883
2392,9.997444,40.41883
2393,9.997444,40.41883
2394,9.997444,40.41883
2395,9.997444,40.41883
2396,9.997444,40.41883
2397,9.997444,40.41883
2398,9.997444,40.41883
2399,9.997444,40.41883
2400,9.997444,40.41883
2401,9.997444,40.41883
2402,9.997444,40.41883
2403,9.997444,40.41883
2404,9.997444,40.41883
2405,9.997444,40.41883
2406,9.997444,40.41883
2407,9.997444,40.41883
2408,9.997444,40.41883
2409,9.997444,40.41883
2410,9.997444,40.41883
2411,9.997444,40.41883
2412,9.997444,40.41883
2413,9.997444,40.41883
2414,9.997444,40.41883
2415,9.997444,40.41883
2416,9.997444,40.41883
2417,9.997444,40.41883
2418,9.997444,40.41883
2419,9.997444,40.41883
2420,9.997444,40.41883
2421,9.997444,40.41883
2422,9.997444,40.41883
2423,9.997444,40.41883
2424,9.997444,40.41883
2425,9.997444,40.41883
2426,9.997444,40.41883
2427,9.997444,40.41883
2428,9.997444,40.41883
2429,9.997444,40.41883
2430,9.997444,40.41883
2431,9.997444,40.41883
2432,9.997444,40.41883
2433,9.997444,40.41883
2434,9.997444,40.41883
2435,9.997444,40.41883
2436,9.997444,40.41883
2437,9.997444,40.41883
2438,9.997444,40.41883
2439,9.997444,40.41883
2440,9.997444,40.41883
2441,9.997444,40.41883
2442,9.997444,40.41883
2443,9.997444,40.41883
2444,9.997444,40.41883
2445,9.997444,40.41883
2446,9.997444,40.41883
2447,9.997444,40.41883
2448,9.997444,40.41883
2449,9.997444,40.41883
2450,9.997444,40.41883
2451,9.997444,40.41883
2452,9.997444,40.41883
2453,9.997444,40.41883
2454,9.997444,40.41883
2455,9.997444,40.41883
2456,9.997444,40.41883
2457,9.997444,40.41883
2458,9.997444,40.41883
2459,9.997444,40.41883
2460,9.997444,40.41883
2461,9.997444,40.41883
2462,9.997444,40.41883
2463,9.997444,40.41883
2464,9.997444,40.41883
2465,9.997444,40.41883
2466,9.997444,40.41883
2467,9.997444,40.41883
2468,9.997444,40.41883
2469,9.997444,40.41883
2470,9.997444,40.41883
2471,9.997444,40.41883
2472,9.997444,40.41883
2473,9.997444,40.41883
2474,9.997444,40.41883
2475,9.997444,40.41883
2476,9.997444,40.41883
2477,9.997444,40.41883
2478,9.997444,40.41883
2479,9.997444,40.41883
2480,9.997444,40.41883
2481,9.997444,40.41883
2482,9.997444,40.41883
2483,9.997444,40.41883
2484,9.997444,40.41883
2485,9.997444,40.41883
2486,9.997444,40.41883
2487,9.997444,40.41883
2488,9.997444,40.41883
2489,9.997444,40.41883
2490,9.997444,40.41883
2491,9.997444,40.41883
2492,9.997444,40.41883
2493,9.997444,40.41883
2494,9.997444,40.41883
2495,9.997444,40.41883
2496,9.997444,40.41883
2497,9.997444,40.41883
2498,9.997444,40.41883
2499,9.997444,40.41883
2500,9.997444,40.41883
2501,9.997444,40.41883
2502,9.997444,40.41883
2503,9.997444,40.41883
2504,9.997444,40.41883
2505,9.997444,40.41883
2506,9.997444,40.41883
2507,9.997444,40.41883
2508,9.997444,40.41883
2509,9.997444,40.41883
2510,9.997444,40.41883
2511,9.997444,40.41883
2512,9.997444,40.41883
2513,9.997444,40.41883
2514,9.997444,40.41883
2515,9.997444,40.41883
2516,9.997444,40.41883
2517,9.997444,40.41883
2518,9.997444,40.41883
2519,9.997444,40.41883
2520,9.997444,40.41883
2521,9.997444,40.41883
2522,9.997444,40.41883
2523,9.997444,40.41883
2524,9.997444,40.41883
2525,9.997444,40.41883
2526,9.997444,40.41883
2527,9.997444,40.41883
2528,9.997444,40.41883
2529,9.997444,40.41883
2530,9.997444,40.41883
2531,9.997444,40.41883
2532,9.997444,40.41883
2533,9.997444,40.41883
2534,9.997444,40.41883
2535,9.997444,40.41883
2536,9.997444,40.41883
2537,9.997444,40.41883
2538,9.997444,40.41883
2539,9.997444,40.41883
2540,9.997444,40.41883
2541,9.997444,40.41883
2542,9.997444,40.41883
2543,9.997444,40.41883
2544,9.997444,40.41883
2545,9.997444,40.41883
2546,9.997444,40.41883
2547,9.997444,40.41883
2548,9.997444,40.41883
2549,9.997444,40.41883
2550,9.997444,40.41883
2551,9.997444,40.41883
2552,9.997444,40.41883
2553,9.997444,40.41883
2554,9.997444,40.41883
2555,9.997444,40.41883
2556,9.997444,40.41883
2557,9.997444,40.41883
2558,9.997444,40.41883
2559,9.997444,40.41883
2560,9.997444,40.41883
2561,9.997444,40.41883
2562,9.997444,40.41883
2563,9.997444,40.41883
2564,9.997444,40.41883
2565,9.997444,40.41883
2566,9.997444,40.41883
2567,9.997444,40.41883
2568,9.997444,40.41883
2569,9.997444,40.41883
2570,9.997444,40.41883
2571,9.997444,40.41883
2572,9.997444,40.41883
2573,9.997444,40.41883
2574,9.997444,40.41883
2575,9.997444,40.41883
2576,9.997444,40.41883
2577,9.997444,40.41883
2578,9.997444,40.41883
2579,9.997444,40.41883
2580,9.997444,40.41883
2581,9.997444,40.41883
2582,9.997444,40.41883
2583,9.997444,40.41883
2584,9.997444,40.41883
2585,9.997444,40.41883
2586,9.997444,40.41883
2587,9.997444,40.41883
2588,9.997444,40.41883
2589,9.997444,40.41883
2590,9.997444,40.41883
2591,9.997444,40.41883
2592,9.997444,40.41883
2593,9.997444,40.41883
2594,9.997444,40.41883
2595,9.997444,40.41883
2596,9.997444,40.41883
2597,9.997444,40.41883
2598,9.997444,40.41883
2599,9.997444,40.41883
2600,9.997444,40.41883
2601,9.997444,40.41883
2602,9.997444,40.41883
2603,9.997444,40.41883
2604,9.997444,40.41883
2605,9.997444,40.41883
2606,9.997444,40.41883
2607,9.997444,40.41883
2608,9.997444,40.41883
2609,9.997444,40.41883
2610,9.997444,40.41883
2611,9.997444,40.41883
2612,9.997444,40.41883
2613,9.997444,40.41883
2614,9.997444,40.41883
2615,9.997444,40.41883
2616,9.997444,40.41883
2617,9.997444,40.41883
2618,9.997444,40.41883
2619,9.997444,40.41883
2620,9.997444,40.41883
2621,9.997444,40.41883
2622,9.997444,40.41883
2623,9.997444,40.41883
2624,9.997444,40.41883
2625,9.997444,40.41883
2626,9.997444,40.41883
2627,9.997444,40.41883
2628,9.997444,40.41883
2629,9.997444,40.41883
2630,9.997444,40.41883
2631,9.997444,40.41883
2632,9.997444,40.41883
2633,9.997444,40.41883
2634,9.997444,40.41883
2635,9.997444,40.41883
2636,9.997444,40.41883
2637,9.997444,40.41883
2638,9.997444,40.41883
2639,9.997444,40.41883
2640,9.997444,40.41883
2641,9.997444,40.41883
2642,9.997444,40.41883
2643,9.997444,40.41883
2644,9.997444,40.41883
2645,9.997444,40.41883
2646,9.997444,40.41883
2647,9.997444,40.41883
2648,9.997444,40.41883
2649,9.997444,40.41883
2650,9.997444,40.41883
2651,9.997444,40.41883
2652,9.997444,40.41883
2653,9.997444,40.41883
2654,9.997444,40.41883
2655,9.997444,40.41883
2656,9.997444,40.41883
2657,9.997444,40.41883
2658,9.997444,40.41883
2659,9.997444,40.41883
2660,9.997444,40.41883
2661,9.997444,40.41883
2662,9.997444,40.41883
2663,9.997444,40.41883
2664,9.997444,40.41883
2665,9.997444,40.41883
2666,9.997444,40.41883
2667,9.997444,40.41883
2668,9.997444,40.41883
2669,9.997444,40.41883
2670,9.997444,40.41883
2671,9.997444,40.41883
2672,9.997444,40.41883
2673,9.997444,40.41883
2674,9.997444,40.41883
2675,9.997444,40.41883
2676,9.997444,40.41883
2677,9.997444,40.41883
2678,9.997444,40.41883
2679,9.997444,40.41883
2680,9.997444,40.41883
2681,9.997444,40.41883
2682,9.997444,40.41883
2683,9.997444,40.41883
2684,9.997444,40.41883
2685,9.997444,40.41883
2686,9.997444,40.41883
2687,9.997444,40.41883
2688,9.997444,40.41883
2689,9.997444,40.41883
2690,9.997444,40.41883
2691,9.997444,40.41883
2692,9.997444,40.41883
2693,9.997444,40.41883
2694,9.997444,40.41883
2695,9.997444,40.41883
2696,9.997444,40.41883
2697,9.997444,40.41883
2698,9.997444,40.41883
2699,9.997444,40.41883
2700,9.997444,40.41883
2701,9.997444,40.41883
2702,9.997444,40.41883
2703,9.997444,40.41883
2704,9.997444,40.41883
2705,9.997444,40.41883
2706,9.997444,40.41883
2707,9.997444,40.41883
2708,9.997444,40.41883
2709,9.997444,40.41883
2710,9.997444,40.41883
2711,9.997444,40.41883
2712,9.997444,40.41883
2713,9.997444,40.41883
2714,9.997444,40.41883
2715,9.997444,40.41883
2716,9.997444,40.41883
2717,9.997444,40.41883
2718,9.997444,40.41883
2719,9.997444,40.41883
2720,9.997444,40.41883
2721,9.997444,40.41883
2722,9.997444,40.41883
2723,9.997444,40.41883
2724,9.997444,40.41883
2725,9.997444,40.41883
2726,9.997444,40.41883
2727,9.997444,40.41883
2728,9.997444,40.41883
2729,9.997444,40.41883
2730,9.997444,40.41883
2731,9.997444,40.41883
2732,9.997444,40.41883
2733,9.997444,40.41883
2734,9.997444,40.41883
2735,9.997444,40.41883
2736,9.997444,40.41883
2737,9.997444,40.41883
2738,9.997444,40.41883
2739,9.997444,40.41883
2740,9.997444,40.41883
2741,9.997444,40.41883
2742,9.997444,40.41883
2743,9.997444,40.41883
2744,9.997444,40.41883
2745,9.997444,40.41883
2746,9.997444,40.41883
2747,9.997444,40.41883
2748,9.997444,40.41883
2749,9.997444,40.41883
2750,9.997444,40.41883
2751,9.997444,40.41883
2752,9.997444,40.41883
2753,9.997444,40.41883
2754,9.997444,40.41883
2755,9.997444,40.41883
2756,9.997444,40.41883
2757,9.997444,40.41883
2758,9.997444,40.41883
2759,9.997444,40.41883
2760,9.997444,40.41883
2761,9.997444,40.41883
2762,9.997444,40.41883
2763,9.997444,40.41883
2764,9.997444,40.41883
2765,9.997444,40.41883
2766,9.997444,40.41883
2767,9.997444,40.41883
2768,9.997444,40.41883
2769,9.997444,40.41883
2770,9.997444,40.41883
2771,9.997444,40.41883
2772,9.997444,40.41883
2773,9.997444,40.41883
2774,9.997444,40.41883
2775,9.997444,40.41883
2776,9.997444,40.41883
2777,9.997444,40.41883
2778,9.997444,40.41883
2779,9.997444,40.41883
2780,9.997444,40.41883
2781,9.997444,40.41883
2782,9.997444,40.41883
2783,9.997444,40.41883
2784,9.997444,40.41883
2785,9.997444,40.41883
2786,9.997444,40.41883
2787,9.997444,40.41883
2788,9.997444,40.41883
2789,9.997444,40.41883
2790,9.997444,40.41883
2791,9.997444,40.41883
2792,9.997444,40.41883
2793,9.997444,40.41883
2794,9.997444,40.41883
2795,9.997444,40.41883
2796,9.997444,40.41883
2797,9.997444,40.41883
2798,9.997444,40.41883
2799,9.997444,40.41883
2800,9.997444,40.41883
2801,9.997444,40.41883
2802,9.997444,40.41883
2803,9.997444,40.41883
2804,9.997444,40.41883
2805,9.997444,40.41883
2806,9.997444,40.41883
2807,9.997444,40.41883
2808,9.997444,40.41883
2809,9.997444,40.41883
2810,9.997444,40.41883
2811,9.997444,40.41883
2812,9.997444,40.41883
2813,9.997444,40.41883
2814,9.997444,40.41883
2815,9.997444,40.41883
2816,9.997444,40.41883
2817,9.997444,40.41883
2818,9.997444,40.41883
2819,9.997444,40.41883
2820,9.997444,40.41883
2821,9.997444,40.41883
2822,9.997444,40.41883
2823,9.997444,40.41883
2824,9.997444,40.41883
2825,9.997444,40.41883
2826,9.997444,40.41883
2827,9.997444,40.41883
2828,9.997444,40.41883
2829,9.997444,40.41883
2830,9.997444,40.41883
2831,9.997444,40.41883
2832,9.997444,40.41883
2833,9.997444,40.41883
2834,9.997444,40.41883
2835,9.997444,40.41883
2836,9.997444,40.41883
2837,9.997444,40.41883
2838,9.997444,40.41883
2839,9.997444,40.41883
2840,9.997444,40.41883
2841,9.997444,40.41883
2842,9.997444,40.41883
2843,9.997444,40.41883
2844,9.997444,40.41883
2845,9.997444,40.41883
2846,9.997444,40.41883
2847,9.997444,40.41883
2848,9.997444,40.41883
2849,9.997444,40.41883
2850,9.997444,40.41883
2851,9.997444,40.41883
2852,9.997444,40.41883
2853,9.997444,40.41883
2854,9.997444,40.41883
2855,9.997444,40.41883
2856,9.997444,40.41883
2857,9.997444,40.41883
2858,9.997444,40.41883
2859,9.997444,40.41883
2860,9.997444,40.41883
2861,9.997444,40.41883
2862,9.997444,40.41883
2863,9.997444,40.41883
2864,9.997444,40.41883
2865,9.997444,40.41883
2866,9.997444,40.41883
2867,9.997444,40.41883
2868,9.997444,40.41883
2869,9.997444,40.41883
2870,9.997444,40.41883
2871,9.997444,40.41883
2872,9.997444,40.41883
2873,9.997444,40.41883
2874,9.997444,40.41883
2875,9.997444,40.41883
2876,9.997444,40.41883
2877,9.997444,40.41883
2878,9.997444,40.41883
2879,9.997444,40.41883
2880,9.997444,40.41883
2881,9.997444,40.41883
2882,9.997444,40.41883
2883,9.997444,40.41883
2884,9.997444,40.41883
2885,9.997444,40.41883
2886,9.997444,40.41883
2887,9.997444,40.41883
2888,9.997444,40.41883
2889,9.997444,40.41883
2890,9.997444,40.41883
2891,9.997444,40.41883
2892,9.997444,40.41883
2893,9.997444,40.41883
2894,9.997444,40.41883
2895,9.997444,40.41883
2896,9.997444,40.41883
2897,9.997444,40.41883
2898,9.997444,40.41883
2899,9.997444,40.41883
2900,9.997444,40.41883
2901,9.997444,40.41883
2902,9.997444,40.41883
2903,9.997444,40.41883
2904,9.997444,40.41883
2905,9.997444,40.41883
2906,9.997444,40.41883
2907,9.997444,40.41883
2908,9.997444,40.41883
2909,9.997444,40.41883
2910,9.997444,40.41883
2911,9.997444,40.41883
2912,9.997444,40.41883
2913,9.997444,40.41883
2914,9.997444,40.41883
2915,9.997444,40.41883
2916,9.997444,40.41883
2917,9.997444,40.41883
2918,9.997444,40.41883
2919,9.997444,40.41883
2920,9.997444,40.41883
2921,9.997444,40.41883
2922,9.997444,40.41883
2923,9.997444,40.41883
2924,9.997444,40.41883
2925,9.997444,40.41883
2926,9.997444,40.41883
2927,9.997444,40.41883
2928,9.997444,40.41883
2929,9.997444,40.41883
2930,9.997444,40.41883
2931,9.997444,40.41883
2932,9.997444,40.41883
2933,9.997444,40.41883
2934,9.997444,40.41883
2935,9.997444,40.41883
2936,9.997444,40.41883
2937,9.997444,40.41883
2938,9.997444,40.41883
2939,9.997444,40.41883
2940,9.997444,40.41883
2941,9.997444,40.41883
2942,9.997444,40.41883
2943,9.997444,40.41883
2944,9.997444,40.41883
2945,9.997444,40.41883
2946,9.997444,40.41883
2947,9.997444,40.41883
2948,9.997444,40.41883
2949,9.997444,40.41883
2950,9.997444,40.41883
2951,9.997444,40.41883
2952,9.997444,40.41883
2953,9.997444,40.41883
2954,9.997444,40.41883
2955,9.997444,40.41883
2956,9.997444,40.41883
2957,9.997444,40.41883
2958,9.997444,40.41883
2959,9.997444,40.41883
2960,9.997444,40.41883
2961,9.997444,40.41883
2962,9.997444,40.41883
2963,9.997444,40.41883
2964,9.997444,40.41883
2965,9.997444,40.41883
2966,9.997444,40.41883
2967,9.997444,40.41883
2968,9.997444,40.41883
2969,9.997444,40.41883
2970,9.997444,40.41883
2971,9.997444,40.41883
2972,9.997444,40.41883
2973,9.997444,40.41883
2974,9.997444,40.41883
2975,9.997444,40.41883
2976,9.997444,40.41883
2977,9.997444,40.41883
2978,9.997444,40.41883
2979,9.997444,40.41883
2980,9.997444,40.41883
2981,9.997444,40.41883
2982,9.997444,40.41883
2983,9.997444,40.41883
2984,9.997444,40.41883
2985,9.997444,40.41883
2986,9.997444,40.41883
2987,9.997444,40.41883
2988,9.997444,40.41883
2989,9.997444,40.41883
2990,9.997444,40.41883
2991,9.997444,40.41883
2992,9.997444,40.41883
2993,9.997444,40.41883
2994,9.997444,40.41883
2995,9.997444,40.41883
2996,9.997444,40.41883
2997,9.997444,40.41883
2998,9.997444,40.41883
2999,9.997444,40.41883
3000,9.997444,40.41883
3001,9.997444,40.41883
3002,9.997444,40.41883
3003,9.997444,40.41883
3004,9.997444,40.41883
3005,9.997444,40.41883
3006,9.997444,40.41883
3007,9.997444,40.41883
3008,9.997444,40.41883
3009,9.997444,40.41883
3010,9.997444,40.41883
3011,9.997444,40.41883
3012,9.997444,40.41883
3013,9.997444,40.41883
3014,9.997444,40.41883
3015,9.997444,40.41883
3016,9.997444,40.41883
3017,9.997444,40.41883
3018,9.997444,40.41883
3019,9.997444,40.41883
3020,9.997444,40.41883
3021,9.997444,40.41883
3022,9.997444,40.41883
3023,9.997444,40.41883
3024,9.997444,40.41883
3025,9.997444,40.41883
3026,9.997444,40.41883
3027,9.997444,40.41883
3028,9.997444,40.41883
3029,9.997444,40.41883
3030,9.997444,40.41883
3031,9.997444,40.41883
3032,9.997444,40.41883
3033,9.997444,40.41883
3034,9.997444,40.41883
3035,9.997444,40.41883
3036,9.997444,40.41883
3037,9.997444,40.41883
3038,9.997444,40.41883
3039,9.997444,40.41883
3040,9.997444,40.41883
3041,9.997444,40.41883
3042,9.997444,40.41883
3043,9.997444,40.41883
3044,9.997444,40.41883
3045,9.997444,40.41883
3046,9.997444,40.41883
3047,9.997444,40.41883
3048,9.997444,40.41883
3049,9.997444,40.41883
3050,9.997444,40.41883
3051,9.997444,40.41883
3052,9.997444,40.41883
3053,9.997444,40.41883
3054,9.997444,40.41883
3055,9.997444,40.41883
3056,9.997444,40.41883
3057,9.997444,40.41883
3058,9.997444,40.41883
3059,9.997444,40.41883
3060,9.997444,40.41883
3061,9.997444,40.41883
3062,9.997444,40.41883
3063,9.997444,40.41883
3064,9.997444,40.41883
3065,9.997444,40.41883
3066,9.997444,40.41883
3067,9.997444,40.41883
3068,9.997444,40.41883
3069,9.997444,40.41883
3070,9.997444,40.41883
3071,9.997444,40.41883
3072,9.997444,40.41883
3073,9.997444,40.41883
3074,9.997444,40.41883
3075,9.997444,40.41883
3076,9.997444,40.41883
3077,9.997444,40.41883
3078,9.997444,40.41883
3079,9.997444,40.41883
3080,9.997444,40.41883
3081,9.997444,40.41883
3082,9.997444,40.41883
3083,9.997444,40.41883
3084,9.997444,40.41883
3085,9.997444,40.41883
3086,9.997444,40.41883
3087,9.997444,40.41883
3088,9.997444,40.41883
3089,9.997444,40.41883
3090,9.997444,40.41883
3091,9.997444,40.41883
3092,9.997444,40.41883
3093,9.997444,40.41883
3094,9.997444,40.41883
3095,9.997444,40.41883
3096,9.997444,40.41883
3097,9.997444,40.41883
3098,9.997444,40.41883
3099,9.997444,40.41883
3100,9.997444,40.41883
3101,9.997444,40.41883
3102,9.997444,40.41883
3103,9.997444,40.41883
3104,9.997444,40.41883
3105,9.997444,40.41883
3106,9.997444,40.41883
3107,9.997444,40.41883
3108,9.997444,40.41883
3109,9.997444,40.41883
3110,9.997444,40.41883
3111,9.997444,40.41883
3112,9.997444,40.41883
3113,9.997444,40.41883
3114,9.997444,40.41883
3115,9.997444,40.41883
3116,9.997444,40.41883
3117,9.997444,40.41883
3118,9.997444,40.41883
3119,9.997444,40.41883
3120,9.997444,40.41883
3121,9.997444,40.41883
3122,9.997444,40.41883
3123,9.997444,40.41883
3124,9.997444,40.41883
3125,9.997444,40.41883
3126,9.997444,40.41883
3127,9.997444,40.41883
3128,9.997444,40.41883
3129,9.997444,40.41883
3130,9.997444,40.41883
3131,9.997444,40.41883
3132,9.997444,40.41883
3133,9.997444,40.41883
3134,9.997444,40.41883
3135,9.997444,40.41883
3136,9.997444,40.41883
3137,9.997444,40.41883
3138,9.997444,40.41883
3139,9.997444,40.41883
3140,9.997444,40.41883
3141,9.997444,40.41883
3142,9.997444,40.41883
3143,9.997444,40.41883
3144,9.997444,40.41883
3145,9.997444,40.41883
3146,9.997444,40.41883
3147,9.997444,40.41883
3148,9.997444,40.41883
3149,9.997444,40.41883
3150,9.997444,40.41883
3151,9.997444,40.41883
3152,9.997444,40.41883
3153,9.997444,40.41883
3154,9.997444,40.41883
3155,9.997444,40.41883
3156,9.997444,40.41883
3157,9.997444,40.41883
3158,9.997444,40.41883
3159,9.997444,40.41883
3160,9.997444,40.41883
3161,9.997444,40.41883
3162,9.997444,40.41883
3163,9.997444,40.41883
3164,9.997444,40.41883
3165,9.997444,40.41883
3166,9.997444,40.41883
3167,9.997444,40.41883
3168,9.997444,40.41883
3169,9.997444,40.41883
3170,9.997444,40.41883
3171,9.997444,40.41883
3172,9.997444,40.41883
3173,9.997444,40.41883
3174,9.997444,40.41883
3175,9.997444,40.41883
3176,9.997444,40.41883
3177,9.997444,40.41883
3178,9.997444,40.41883
3179,9.997444,40.41883
3180,9.997444,40.41883
3181,9.997444,40.41883
3182,9.997444,40.41883
3183,9.997444,40.41883
3184,9.997444,40.41883
3185,9.997444,40.41883
3186,9.997444,40.41883
3187,9.997444,40.41883
3188,9.997444,40.41883
3189,9.997444,40.41883
3190,9.997444,40.41883
3191,9.997444,40.41883
3192,9.997444,40.41883
3193,9.997444,40.41883
3194,9.997444,40.41883
3195,9.997444,40.41883
3196,9.997444,40.41883
3197,9.997444,40.41883
3198,9.997444,40.41883
3199,9.49131,15.189238
3200,9.49131,15.189238
3201,9.49131,15.189238
3202,9.49131,15.189238
3203,9.49131,15.189238
3204,9.49131,15.189238
3205,9.49131,15.189238
3206,9.49131,15.189238
3207,9.49131,15.189238
3208,9.49131,15.189238
3209,9.49131,15.189238
3210,9.49131,15.189238
3211,9.49131,15.189238
3212,9.49131,15.189238
3213,9.49131,15.189238
3214,9.49131,15.189238
3215,9.49131,15.189238
3216,9.49131,15.189238
3217,9.49131,15.189238
3218,9.49131,15.189238
3219,9.49131,15.189238
3220,9.49131,15.189238
3221,9.49131,15.189238
3222,9.49131,15.189238
3223,9.49131,15.189238
3224,9.49131,15.189238
3225,9.49131,15.189238
3226,9.49131,15.189238
3227,9.49131,15.189238
3228,9.49131,15.189238
3229,9.49131,15.189238
3230,9.49131,15.189238
3231,9.49131,15.189238
3232,9.49131,15.189238
3233,9.49131,15.189238
3234,9.49131,15.189238
3235,9.49131,15.189238
3236,9.49131,15.189238
3237,9.49131,15.189238
3238,9.49131,15.189238
3239,9.49131,15.189238
3240,9.49131,15.189238
3241,9.49131,15.189238
3242,9.49131,15.189238
3243,9.49131,15.189238
3244,9.49131,15.189238
3245,9.49131,15.189238
3246,9.49131,15.189238
3247,17.182674,75.34209
3248,17.182674,75.34209
3249,17.182674,75.34209
3250,17.182674,75.34209
3251,17.182674,75.34209
3252,17.182674,75.34209
3253,17.182674,75.34209
3254,17.182674,75.34209
3255,17.182674,75.34209
3256,17.182674,75.34209
3257,17.182674,75.34209
3258,17.182674,75.34209
3259,17.182674,75.34209
3260,17.182674,75.34209
3261,17.182674,75.34209
3262,17.182674,75.34209
3263,17.182674,75.34209
3264,17.182674,75.34209
3265,17.182674,75.34209
3266,17.182674,75.34209
3267,17.182674,75.34209
3268,17.182674,75.34209
3269,17.182674,75.34209
3270,17.182674,75.34209
3271,17.182674,75.34209
3272,17.182674,75.34209
3273,17.182674,75.34209
3274,17.182674,75.34209
3275,17.182674,75.34209
3276,17.182674,75.34209
3277,17.182674,75.34209
3278,17.182674,75.34209
3279,17.182674,75.34209
3280,17.182674,75.34209
3281,17.182674,75.34209
3282,17.182674,75.34209
3283,17.182674,75.34209
3284,17.182674,75.34209
3285,17.182674,75.34209
3286,17.182674,75.34209
3287,17.182674,75.34209
3288,17.182674,75.34209
3289,17.182674,75.34209
3290,17.182674,75.34209
3291,17.182674,75.34209
3292,17.182674,75.34209
3293,17.182674,75.34209
3294,17.182674,75.34209
3295,17.182674,75.34209
3296,17.182674,75.34209
3297,17.182674,75.34209
3298,17.182674,75.34209
3299,17.182674,75.34209
3300,17.182674,75.34209
3301,17.182674,75.34209
3302,17.182674,75.34209
3303,17.182674,75.34209
3304,17.182674,75.34209
3305,17.182674,75.34209
3306,17.182674,75.34209
3307,17.182674,75.34209
3308,17.182674,75.34209
3309,17.182674,75.34209
3310,17.182674,75.34209
3311,17.182674,75.34209
3312,17.182674,75.34209
3313,17.182674,75.34209
3314,17.182674,75.34209
3315,17.182674,75.34209
3316,17.182674,75.34209
3317,17.182674,75.34209
3318,17.182674,75.34209
3319,17.182674,75.34209
3320,17.182674,75.34209
3321,17.182674,75.34209
3322,17.182674,75.34209
3323,11.866583,13.716624
